기업명,본사주소,사업장주소,주요제품명,기업분류,업종명
(유)청텍,"충북 청주시 흥덕구 오송읍 오송생명1로 194-41, 304호 기업연구관2 미래융합관 408호",충청북도 청주시 청원구 오창읍 연구단지로 40 (양청리 685-1) 미래융합관 408호,헤드폰,법인,그외 기타 의료용 기기 제조업
(주) 모아텍,"충북 청주시 청원구 오창읍 오창가좌길 17 (가좌리, 모아텍) (주)모아텍","충북 청주시 청원구 오창읍 오창가좌길 17 (가좌리, 모아텍) (주)모아텍",액정표시장치,,액정 표시장치 제조업
(주) 바임기술,"충북 충주시 대소원면 대학로 50 (검단리, 한국교통대학교) 더블류17동 111호",,자동제어 프로그램,,산업처리공정 제어장비 제조업
(주) 유트론,"충북 청주시 흥덕구 가로수로 1251 (복대동) , 별관 201호 G-테크벤처센터 별관","충북 청주시 흥덕구 가로수로 1251 (복대동, 충북지방중소기업청) G-테크벤처센터 별관 2층","통신장비, 전자제어기, 원격 검침 시스템",법인,기타 무선 통신장비 제조업
(주) 제로원,"충북 청주시 청원구 오창읍 양청송대길 10 (양청리, 청주미래누리터(지식산업센터)) 308호",충북 청주시 청원구 오창읍 오창대로 142-15 (구룡리) 2동,"음식물류 폐기물 감량기, 음식물류 폐기물 분해 촉매",,기타 특수목적용 기계 제조업
(주) 제이에스씨,충북 진천군 광혜원면 월성안길 27 (월성리) (주) 제이에스씨,충북 진천군 광혜원면 월성안길 27 (월성리) (주) 제이에스씨,유압브레이커,,유압기기 제조업
(주) 청공,충북 청주시 흥덕구 신기로 93 (서촌동) 청공,,정밀기계 및 전자부품,,그 외 기타 전자부품 제조업
(주)가온쿼츠,충북 청주시 청원구 오창읍 유리길 35-5,,태양광 / 반도체 / LCD장비쿼츠,법인,
(주)가온테크,충북 청주시 흥덕구 신성로108번길 9-9 0,"충청북도 청주시 흥덕구 월명로252번길 69 (봉명동 2336,(주)라파) 0",반도체부품,,
(주)가이아에너지,"충북 청주시 청원구 오창읍 연구단지로 76, 충북TP 본부관 302호 타워동 1402호",충북 청원군 오창읍 양청리 685-3 충북TP 본부관320호,"태양광발전시스템,ESS시스템",법인,전동기 및 발전기 제조업
(주)강한이노시스,충북 청주시 서원구 궁뜰로33번길 91-6 (미평동) (주)강한이노시스,,머신비젼관련장비,,반도체 제조용 기계 제조업
(주)경일옵틱스,충북 청주시 흥덕구 월명로55번길 24 경일옵틱스,충청북도 청주시 흥덕구 월명로55번길 24,핸드폰용 카메라 IR-A\'ssy,,
(주)고도텍,충북 청주시 흥덕구 직지대로 516 (송정동) (주)고도텍,충북 청주시 흥덕구 직지대로 516 (송정동) (주)고도텍,인쇄회로기판검수,,인쇄회로기판용 적층판 제조업
(주)그린광학,충북 청원군 각리1길 45 오창과학산업단지,충청북도 청원군 각리1길 45 오창과학산업단지,"렌즈,프리즘등 광학반도체검사장비",법인,기타 광학기기 제조업
(주)나노시스,충북 청원군 강내면 사곡리 281,대전 유성구 탑립동 828,PCB,,인쇄회로기판 제조업
(주)나드,충북 청원군 남이면 팔봉리 157,충북 청원군 남이면 팔봉리 157,유압기기,,유압기기 제조업
(주)네오비젼,"경기 용인시 기흥구 흥덕중앙로 120 (영덕동, UTOWER) 1705호",충북 청주시 흥덕구 오송읍 정중연제로 787 (연제리) 네오비젼,콘택트렌즈,,그 외 기타 의료용 기기 제조업
(주)네오세미텍,"충북 청주시 서원구 충대로 1 (개신동 12,충북대학교) 학연산공동기술 연구원 477호","충북 청주시 청원구 오창읍 양청송대길 10 (양청리, 청주미래누리터(지식산업센터)) 202호",SCS,법인,반도체 제조용 기계 제조업
(주)네오텍,충북 청주시 흥덕구 2순환로742번길 51 (화계동) (주)네오텍,,PCB(인쇄회로기판),,인쇄회로기판 제조업
(주)네패스,충북 음성군 삼성면 용성리 74-10번지,충북 청원군 오창읍 송대리 311-2번지,반도체 부품 제조,IPO,그외 기타 전자부품 제조업
(주)네패스,충북 음성군 삼성면 금일로965번길 105 네패스,,반도체부품 제조,법인,그외 기타 전자부품 제조업
(주)노아닉스,충북 청주시 흥덕구 오송읍 오송생명10로 180 (정중리) (주)노아닉스,충북 청주시 흥덕구 오송읍 오송생명10로 180 (정중리) (주)노아닉스,"코팅용액, 코팅장비",법인,그외 기타 의료용 기기 제조업
(주)뉴영시스템,"충북 진천군 진천읍 문화12길 2-1 (신정리, (주)뉴영시스템) (주)뉴영시스템","충북 진천군 진천읍 문화12길 2-1 (신정리, (주)뉴영시스템) (주)뉴영시스템","태양광기판 제조 장비, 태양광기판 열처리 장비",,반도체 제조용 기계 제조업
(주)다쓰테크,충북 청주시 청원구 오창읍 양청송대길 109 (송대리) (주)다쓰테크,충북 청주시 청원구 오창읍 양청송대길 81 (송대리) (주)다쓰테크 골드파크,신재생에너지 인버터,법인,기타 발전기 및 전기변환장치 제조업
(주)대성테크,충북 음성군 금왕읍 구계리 321-4번지 대성테크,,철구조물,,도장 및 기타 피막 처리업
(주)대원프리시전,충북 청주시 흥덕구 옥산면 과학산업1로 82-25 (남촌리) 대원프리시전,충북 청주시 흥덕구 옥산면 과학산업1로 82-25 (남촌리) 대원프리시전,이차전지 정밀금형,,광학렌즈 및 광학요소 제조업
(주)대원플랜트,충북 괴산군 청안면 질마로불당재길 13 (금신리) 00,충북 괴산군 청안면 질마로불당재길 13 (금신리) 00,건조기,,그 외 기타 특수 목적용 기계 제조업
(주)대찬테크,충북 음성군 맹동면 태정로 50 (두성리) 1층 (주)대찬테크,충북 음성군 맹동면 태정로 50 (두성리) 1층 (주)대찬테크,반도체부품플라즈마세라믹코팅,,발광 다이오드 제조업
(주)더굿도어,"충북 진천군 문백면 옥성1길 17-32 (옥성리, (주)더굿도어공장) 더굿도어","충북 진천군 문백면 옥성1길 17-32 (옥성리, (주)더굿도어공장) 더굿도어",방화문,,도장 및 기타 피막처리업
(주)더아이엔지메디칼,"충북 옥천군 옥천읍 대학길 15 (문정리 480-1,충북도립대학) 충북도립대학창업보육센터정보관 9호",충북 옥천군 옥천읍 의료단지길 60 (가풍리) 전략산업클러스터센터멸균실지엠피3호,일회용내시경생검용기등구등,법인,그외 기타 의료용 기기 제조업
(주)동진,"충북 진천군 이월면 사곡리 144-1, 144-3","충북 진천군 이월면 사곡리 144-1, 144-3",반도체 제조장비 외,,
(주)드림시스템,충북 청주시 흥덕구 옥산면 오송가락로 770-62 (오산리) .,충북 청주시 흥덕구 옥산면 오송가락로 770-62 (오산리) .,광학기기,,광학렌즈 및 광학요소 제조업
(주)디에스테크,"충북 옥천군 옥천읍 의료단지길 60 101호, 206호 일부 1115 옥천전략산업클러스터센터 101호",충북 옥천군 옥천읍 가풍리 1115 옥천전략산업클러스터센터 101호,신체보정용 기기(미롤) 제조,법인,그외 기타의료용 기기제조업
(주)디에프텍,경기 안산시 단원구 성곡동 644-5 반월공단 604블럭 8롯트,충북 청주시 흥덕구 송정동 123-2,"반도체장비 세정, 코팅, 정밀부품가공",,
(주)디엘정보기술,"충북 청주시 흥덕구 직지대로436번길 76 (송정동, 직지스마트타워) 1308-1311호","충북 청주시 흥덕구 직지대로436번길 76 (송정동, 직지스마트타워) 1308-1311호",ERP 프로그램외,법인,응용 소프트웨어 개발 및 공급업
(주)디엠이,충북 청주시 흥덕구 직지대로 516 (송정동) (주)디엠이,충북 청주시 흥덕구 직지대로 516 (송정동),PCB제품,,경성 인쇄회로기판 제조업
(주)디엠케이,"충남 천안시 서북구 백석4길 4 (백석동, 웰빙라이프빌딩) 603호 (주)디엠케이","충북 청주시 청원구 오창읍 연구단지로 232 (양청리, 썬텔) (주)디엠케이",디스플레이,,액정 평판 디스플레이 제조업
(주)디원옵텍,"충북 청주시 청원구 오창읍 연구단지로 76, 본부관 417,418호 (주)디원옵텍",,콘텍트렌즈,,그외 기타 의료용 기기 제조업
(주)디투에이스,"충북 청주시 흥덕구 공단로134, 702호 (송정동,세중테크노밸리)",,반도체장비관련부품 등,,
(주)디플러그,"충북 청주시 청원구 오창읍 양청송대길 10 (양청리, 청주미래누리터(지식산업센터)) 308호",충북 청주시 청원구 오창읍 양청리 810-13 청주미래누리터 308호,제조플랫폼,,응용 소프트웨어 개발 및 공급업
(주)라온솔루션,충북 청주시 청원구 오창읍 연구단지로 76 미래융합기술관 304호,,"반도체전자제어기기(리모컨,컨트롤러),컴퓨터주변기기 제조/반도체품질 시험,분석/소프트웨어 개발",법인,
(주)라이트로닉스,충북 청주시 청원구 1순환로 346 (내덕동) (내덕동 771-1),충북 청주시 청원구 1순환로 346 (내덕동) 상동,PLC & 충전기,,그외 기타 전자부품 제조업
(주)러셀,충북 진천군 문진로 320-80,충청북도 진천군 문진로 320-80,반도체제조용CVD장비,법인,반도체 제조용 기계 제조업
(주)레오,충북 청주시 서원구 남이면 청남로 1310-26 (주)레오,충북 청주시 서원구 남이면 청남로 1310-26 (척산리) (주)레오,"LED모듈,Display부품소재,자동차부품",법인,그외 기타 전자부품 제조업
(주)렉서,충북 청주시 흥덕구 월명로183 (봉명동),,"반도체용 부품, 태양광 발전판 외",,
(주)루미너스,충북 진천군 진천읍 장수로 123 (주)루니머스,,반도체용 실리콘 링,법인,그 외 기타 전자부품 제조업
(주)리더스테크놀로지,충북 청주시 흥덕구 송정동 279-5 세중테크노밸리 1402호,충북 청주시 흥덕구 송정동 279-5 세중테크노밸리 1402호,RFID 시스템/ 반도체부품가공,,
(주)리드엔지니어링,충북 청주시 청원구 오창읍 후기길 90-12 (후기리) 리드엔지니어링,충북 청주시 청원구 오창읍 후기길 90-12 (후기리) 리드엔지니어링,RTP 장비,법인,반도체 제조용 기계 제조업
(주)마이크로이미지,충북 청원군 부강외천로 48-34 (주)마이크로이미지,경기도 안산시 단원구 만해로 173 (주)마이크로이미지 안산공장,그라스포토마스크,,인쇄회로기판 제조업
(주)마이크로켐,충북 음성군 맹동면 봉현리 446,충북 음성군 맹동면 봉현리 446,"광케이블, 반도체 비금속화합물",,
(주)매그나칩반도체,충북 청주시 흥덕구 향정동 1,충북 청주시 흥덕구 향정동 1,"CMOS이미지센서, 평면패널디스플레이구동, 응용프로세서외",,
(주)맥솔,"충북 청주시 흥덕구 공단로 134 (송정동 279-5,세중테크노밸리) 1306호","충청북도 청주시 흥덕구 공단로 134 (송정동 279-5,세중테크노밸리) 1305호","magnet gear,coupling",,반도체 제조용 기계 제조업
(주)맥슨,"충북 청주시 흥덕구 공단로98번길 77 (송정동, (주)코엠에스) (주)맥슨",,휴대폰카메라모듈SMT,,전자부품 실장기판 제조업
(주)맥테크놀러지,"충북 청주시 흥덕구 직지대로 530 (송정동, 청주 테크노 S타워) 615호","충북 청주시 흥덕구 직지대로 530 (송정동, 청주 테크노 S타워) 615호","RFID 안테나, GPS 안테나, 세라믹 필터",법인,기타 무선 통신장비 제조업
(주)메디튤립,충북 청주시 흥덕구 오송읍 의료단지길 34 (연제리) 주식회사 메디튤립,충북 청주시 흥덕구 오송읍 의료단지길 34 (연제리) 주식회사 메디튤립,이식형의약품주입기 외,,그 외 기타 의료용 기기 제조업
(주)메디퓨처,"충북 옥천군 옥천읍 의료단지길 79 (가풍리, 옥천의료기기 보육센터) 208~211호","충북 옥천군 옥천읍 의료단지길 79 (가풍리, 옥천의료기기 보육센터) 208~211호",셀프이지디텍트,,
(주)모노클,충북 진천군 한천2길 13 (주)모노클,충청북도 진천군 한천2길 13 (주모노클,광소자/렌즈,,광학 렌즈 및 광학 요소 제조업
(주)바디웰,"충북 청주시 서원구 충대로 1 (개신동, 충북대학교) 학연산공동기술연구원 509호",,개인맞춤형 건강관리 시스템,,응용 소프트웨어 개발 및 공급업
(주)바일테크놀러지,충북 진천군 진천읍 장관리 616-1,"충북 진천군 진천읍 장관리 616-1, -2, -3, -4",PTC,법인,그외 기타 전자부품 제조업
(주)백프로,"충북 청주시 흥덕구 1순환로 588, 3층 충북대학교 학연산공동기술연구원 401호",충청북도 청주시 흥덕구 내수동로 52 충북대학교 학연산공동기술연구원 475호,"산업용장비,반도체,전자기기 제조/산업용컴퓨터설비서비스(수리)/컴퓨터,주변장치,소프트웨어 도소매/소프트웨어 개발",,그외 기타 의료용 기기 제조업
(주)범양정밀,충북 옥천군 동이면 적하길251 (금암리) 범양정밀,,전자부품 등,,그외 기타 전자부품 제조업
(주)베스트아이티솔루션,"충북 청주시 청원구 안덕벌로104번길 28 (내덕동, 청주대학교) 청주대학교 미래창조관 302호",,AI프로그램 및 경영컨설팅,,시스템 소프트웨어 개발 및 공급업
(주)벡스코,충북 청주시 서원구 남이면 남이외천1길 102-15 (외천리) .,충북 청주시 서원구 남이면 남이외천1길 102-15 (외천리) .,"진공펌프 및 진공시스템, 밸브 및 유압장치",,기타 기계 및 장비 제조업
(주)보스텍,충북 진천군 문백면 도하리 216,충북 진천군 문백면 도하리 216,반도체 패키징,법인,
(주)보아스에스이,"충북 청주시 흥덕구 오송읍 오송생명로 194, 702호 충북CV센터 기업연구관I 701,703호","충청북도 청주시 서원구 충대로 1 (개신동 12,충북대학교) 학연산 841호","응용,웹 소프트웨어 개발,납품,국가연구소 소프트웨어 개발(빅데이터처리,딥러닝 구현) 수행",법인,기타무선통신장비제조업
(주)비앤비텍,충북 진천군 문백면 도하리 7(2011년 8월 4일경 이전),충북 진천군 문백면 도하리 7번지,반도체 제조용 석영유리쿼츠,법인,
(주)비엠아이,충북 청주시 흥덕구 직지대로 516 (송정동) (주)비엠아이,충북 청주시 흥덕구 직지대로 516 (송정동),전자부품,,인쇄회로기판용 적층판 제조업
(주)비엠에이,"충북 청주시 흥덕구 오송읍 오송생명1로 194-41 (연제리, 커뮤니케이션 및 벤처연구센터) 기업연구관2 601호","서울 송파구 법원로9길 26 (문정동, 에이치비지니스파크) C동 1515호",소화기 내시경하 시술기구,,그 외 기타 의료용 기기 제조업
(주)비원테크,,,"LCD검사장비,반도체",,
(주)삼밀,충북 청주시 청원구 사천로152번가길 1-10 (사천동) 삼밀,충북 청주시 청원구 사천로152번가길 1-10 (사천동) 삼밀,양극재 파쇄용 롤밀,,그 외 기타 특수목적용 기계 제조업
(주)삼우이엔씨,충북 청주시 흥덕구 강내면 다락리 90-3,충청북도 청주시 흥덕구 강내면 다락리 90-3,"CCTV카메라, 자동제어반",,기기용 자동측정 및 제어장치 제조업
(주)삼원산업,충북 청주시 청원구 북이면 팔결신대로 513 충북청주시 청원구 북이면 대율리 162번지,,"산업기계,금속조립구조제,전자부품(자동화)",법인,그외 기타 특수목적용 기계 제조업
(주)새롬비전,충북 청원군 오창읍 양청리 818-5 대운프라자 305호,충북 청주시 흥덕구 송정동 279-5(공단로 134) 세중테크노밸리 1202호,"진동칫솔, 전자파차폐제, 휴대단말기용 태양광 충전기, 전자제품 및 반도체 부품(COF. TCP. PDP. BGA) 회로검사 사업지원",법인,
(주)서울소프트,"충북 충주시 중앙로 80 (성서동, 네오메디 클리닉센타) 501호",,소프트웨어개발,,시스템 소프트웨어 개발 및 공급업
(주)석진정밀,충북 청주시 청원구 2순환로410번길 63 (사천동) 주식회사 석진정밀,충북 청주시 청원구 2순환로410번길 59 (사천동) 주식회사 석진정밀,반도체장비부품,법인,반도체 제조용 기계 제조업
(주)선반도체,"충북 청주시 청원구 오창읍 연구단지로 40, 207호 충북테크노파크 선도기업관 685-1 선도기업관 207호",,"반도체장비외,인력공급",,산업용 로봇 제조업
(주)선우테크,충북 청주시 흥덕구 백봉로 64 (송정동 140-63) (주)선우테크,충청북도 청주시 흥덕구 백봉로 64 (송정동 140-63) (주)선우테크,인쇄회로기판 홀,,인쇄회로기판 제조업
(주)선진산업기술,충북 청주시 흥덕구 비하동 319-19,충북 진천군 진천읍 송두리 129-1,"콘덴서, 인딩기, 글로스타터 조립기 등",,산업처리공정외 제어장비 제조업
(주)성도,충북 음성군 생극면 관성리 465-1,충북 음성군 생극면 관성리 465-1,철구조물 도장 및 피막처리업,,도장 및 기타 피막 처리업
(주)성화텍,충북 청주시 흥덕구 남촌로 30 (남촌동) (주)성화텍,,반도체장비,,반도체 제조용 기계 제조업
(주)세기위더스,"서울 성동구 광나루로8길 31 (성수동2가) SKV1센터 2동 801, 802호","충북 진천군 문백면 농다리로 1315 (사양리, (주)락산기업사) 외 2필지",철구조물,,도장 및 기타 피막 처리업
(주)세노텍,"충북 청주시 흥덕구 봉명로 31, 408호 409호 (주)세노텍",충청북도 청주시 흥덕구 월명로55번길 24 (송정동 27-15) (주)세노텍,"전기전자,자동차부품,신재생에너지 제조",법인,그외 기타 전자부품 제조업
(주)세미트로닉스테크놀러지,"충북 청주시 흥덕구 덕암로35번길83, 2층 (봉명동,세미트로닉스)",,"반도체 제조용 기계(확산로, 스핀드라이어)",,
(주)세미하이테크,충북 청주시 청원구 오창읍 성산2길 61-7 (성산리) (주)세미하이테크,충북 청주시 청원구 오창읍 성산2길 61-7 (성산리) (주)세미하이테크,반도체 쿼츠,,반도체 제조용 기계 제조업
(주)센토솔루션,충북 청주시 청원구 오창읍 각리1길 7 (각리) 오창벤쳐프라자 407.408호,,반도체장비리퍼비쉬,,반도체 제조용 기계 제조업
(주)셀젠텍,충북 청주시 흥덕구 오송읍 오송생명2로 110-6 (연제리) 셀젠텍,대전 유성구 구암동 272 셀젠텍,진료용서버,,시스템 소프트웨어 개발 및 공급업
(주)솔렉스,충북 음성군 금왕읍 멍심이길 195 (도청리) 사무실,,"반도체,LCD제조장비 부품",,반도체 제조용 기계 제조업
(주)솔루스,충북 청주시 흥덕구 오송읍 오송생명2로 125 (연제리) 고려대학교BT융합창업보육센터 506호,,나노입자합성기,,"물질 검사, 측정 및 분석기구 제조업"
(주)수산기계이엔지,충북 청주시 흥덕구 직지대로 533 (송정동) (주)수산기계이엔지,,"Planetary mixer,Reactor&Dissolver,저장Tank등",,그 외 기타 특수목적용 기계 제조업
(주)수월계량시스템,"충북 옥천군 동이면 평산길 153 (세산리, (주) 수월계량시스템) 수월계량시스템","충북 옥천군 동이면 평산길 153 (세산리, (주) 수월계량시스템) 수월계량시스템",차량계근대,,그 외 기타 특수목적용 기계 제조업
(주)순수바람,"충북 청주시 청원구 오창읍 연구단지로 40 (양청리, 충북테크노파크) 충북테크노파크 선도기업관 301호","충북 청주시 청원구 오창읍 연구단지로 40 (양청리, 충북테크노파크) 충북테크노파크 선도기업관 301호",LED광원 세라믹 히터 헤어드라이어,법인,기타 가정용 전기 기기 제조업
(주)스노우테크,충북 충주시 신니면 덕고개로 329 (주)스노우테크,충북 충주시 신니면 화석리 283,"인공제설기(대형,소형), 사계절제설기, 조설기, 회전눈썰매 등",법인,특수 목적용 기계 제조업
(주)승진금속,충북 옥천군 군서면 성왕로830-1 (오동리) 주식회사 승진금속,"충청북도 옥천군 군서면 성왕로 830-1 (오동리 14-3,주택) 주식회사 승진금속",건축자재 및 부속품,,"전기회로 개폐, 보호 및 접속 장치 제조업"
(주)시지에스,충북 청주시 청원구 오창읍 각리1길 49 (각리 642-4) 2층,,반도체PKG,,전자집적회로 제조업
(주)시티텍,충북 청원군 오창읍 양청리 685-3 충북테크노파크 미래융합기술관 205-2호,충북 청원군 오창읍 송대리 316-8번지,반도체 제조용 기계 제조업,법인,
(주)신양,"충북 청주시 흥덕구 강촌로228번길 20 (서촌동, (주)신양) (주)신양","충북 청주시 흥덕구 강촌로228번길 20 (서촌동, (주)신양) (주)신양",전자담배 외,,반도체 제조용 기계 제조업
(주)신영이티아이,충북 청주시 서원구 남이면 남석로 396 (석실리) 0,,차단기/써지보호기(SPD),법인,그 외 기타 전자 부품 제조업
(주)신한전자,충북 음성군 삼성면 대청로326-14 (청용리) (청용리),충북 음성군 삼성면 대청로 326-14 (청용리) (청용리),인쇄회로기판(PCB판),,인쇄회로기판 제조업
(주)신화아이티,충북 청주시 흥덕구 송절로 20-1 (봉명동) 봉명동 391-20,충청북도 청주시 흥덕구 송절로 20-1 봉명동 391-20,FA자동화설비 및 LEAD TAB,법인,반도체 제조용 기계 제조업
(주)신화쿼츠,충북 청주시 청원구 내수읍 풍정3길 88 (풍정리) (주)신화쿼츠,충북 청주시 청원구 내수읍 풍정3길 88 (풍정리) (주)신화쿼츠,"석영, 유리 반도체 부품",,
(주)신흥테크,충북 청주시 청원구 북이면 신대석성로 101-14 (신대리 161) (주)신흥테크,,자동차부품,,주형 및 금형 제조업
(주)실리콘웍스,충북 청원군 오창읍 양청리 685-3 충북테크노파크 미래융합기술관 215호,대전 유성구 문지동 104-13,반도체,IPO,
(주)실리콘파이브,충북 청주시 상당구 내덕2동 23번지 청주대학교 미래창조관 409호 (주)실리콘파이브,,Aanlog 반도체,,"다이오드, 트랜지스터 및 유사 반도체소자 제조업"
(주)씨앤씨,충북 청주시 흥덕구 비하동 671-18,충북 청주시 흥덕구 비하동 671-18,"컴퓨터 및 주변기기, 메모리 테스터기, 데이터 복구외",법인,액정 평판 디스플레이 제조업
(주)씨엔오테크,충북 옥천군 의료단지길 60 옥천전략산업클러스터센터 102호,충청북도 옥천군 의료단지길 60 옥천전략산업클러스터센터 102호,의료기기,,그 외 기타 의료용기기 제조업
(주)씨티에스,충북 청주시 흥덕구 강촌로194번길 57-33 (지동동 657-2) (주)씨티에스,충청북도 청주시 흥덕구 강촌로194번길 57-33 (지동동 657-2) (주)씨티에스,반도체장비생산,,반도체 제조용 기계 제조업
(주)아이에스엘테크,충북 청주시 상당구 오동동 54-12번지,,"진공펌프오일 재생장치, 챔버 외 반도체 장비",,
(주)아이엠,충북 청주시 상당구 새터로249-23 (사천동),,반도체장비제조;유지보수 외,,
(주)아이연테크,충북 청주시 청원구 팔결로145번길 8 (오동동) 아이연테크,충북 청주시 청원구 팔결로145번길 8 (오동동) 아이연테크,"계량기,시험기",,
(주)아이윈솔루션,충북 청원군 연구단지로 76 선도관 206호,,반도체테스트소켓,,"물질 검사, 측정 및 분석기구 제조업"
(주)아이윈플러스,"충북 청주시 흥덕구 옥산면 과학산업1로 114 (남촌리, (주)옵토팩) 1112-11","충북 청주시 흥덕구 옥산면 과학산업1로 114 (남촌리, (주)옵토팩) 1112-11",이미지 센서 패키지(pkg),법인,그 외 기타 전자 부품 제조업
(주)아이티바이오,전북 완주군 이서면 안전로 139 (갈산리) 501엘호,"충북 청주시 청원구 오창읍 연구단지로 76 (양청리, 충북테크노파크) 스마트 IT융합관 202호",반도체 제조 설비,,비메모리용 및 기타 전자집적회로 제조업
(주)아이티엠반도체_,충북 청원군 오창읍 양청리 685-3 충북정보통신지원재단 2층 6,충북 청원군 오창읍 양청리 685-3 충북정보통신지원재단 2층 6,공유멀티시스템 개발 및 유통 외,,
(주)아이프리즘,충북 청주시 청원구 오창읍 각리가곡로 647 (석우리) 1층,충북 청주시 청원구 오창읍 각리가곡로 647 (석우리) 1층,비전검사기,,그 외 기타 특수 목적용 기계 제조업
(주)아주엔지니어링,충북 청주시 흥덕구 덕암로41번길 86 (봉명동) (주)아주엔지니어링,충북 청주시 흥덕구 덕암로41번길 86 (봉명동),"전기,자동제어시스템",,산업처리공정 제어장비 제조업
(주)아즈라 제천공장,서울 서초구 효령로 332 (서초동) 지경빌딩 3층,"충북 제천시 제2바이오밸리로5길 45 (왕암동) a,b,c동","이어팁,이어폰 외",,기타 음향기기 제조업
(주)아큐라텍,"충북 청주시 흥덕구 옥산면 과학산업4로 151-14 (남촌리 1108-14,(주)아큐라텍) .","충북 청주시 흥덕구 옥산면 과학산업4로 151-14 (남촌리, (주)아큐라텍) 아큐라텍",인쇄회로기판,,인쇄회로기판 제조업
(주)아트칩스,충북 청주시 흥덕구 봉명2동 2759 엠플러스빌딩 A동 4층,,반도체메모리,,
(주)알엔아이켐텍,충북 청원군 오창읍 각리 641-1 오창벤처프라자 304호,충북 청주시 청원구 오창읍 각리1길 7 (각리) 벤처프라자 304호,반도체용 케미칼 및 세정제,,계면활성제 제조업
(주)알이티,충북 청주시 청원구 오창읍 두릉유리로 726-5 (성산리 226) (주)알이티,충청북도 청주시 청원구 오창읍 두릉유리로 726-5 (성산리 226) (주)알이티,안과 수술용 의료기기(인공수정체 삽입장치),법인,그외 기타 의료용 기기 제조업
(주)알파홀딩스 청주지점,경기 성남시 분당구 판교로 344 (삼평동) 8층,충북 청주시 흥덕구 강서로 107 (강서동) 9층,IR Receiver (반도체),,
(주)애크멕스,"충북 제천시 대학로 316 (신월동, 대원대학) 창업보육센터 108호","충북 제천시 대학로 316 (신월동, 대원대학) 창업보육센터 108호","워터펌프, 반도체릴레이",,자동차용 전기장치 제조업
(주)앱스코,충북 괴산군 사리면 방축리 633,,반도체 부품,법인,
(주)에드파워테크,"충남 아산시 음봉면 월암로 74 (월랑리, (주)에드파워테크)","충청남도 아산시 음봉면 월암로 74 (월랑리 195-2,(주)에드파워테크) 충청남도 아산시 음봉면 월암로 74 (월랑리 195-2,(주)에드파워테크)","일차,이차 배터리 전원팩 및 주변부품",,그외 기타 전자부품 제조업
(주)에스아이티,충북 청주시 흥덕구 개신동 충북대학교 학연산공동기술연구원 506호,충북 청주시 흥덕구 개신동 충북대학교 학연산공동기술원 506,반도체자동화장비,,
(주)에스앤지시스템,"충북 청주시 서원구 충대로 1 (개신동 12,충북대학교) 학연산공동기술연구원 475호","충청북도 청주시 서원구 충대로 1 (개신동 12,충북대학교) 학연산공동기술연구원 475호",농장물관리시스템/농장지킴이,,그외 기타 전자부품 제조업
(주)에스엔티,충북 청주시 흥덕구 신전로 20-52 (휴암동) 휴암동,충북 청주시 흥덕구 신전로 20-52 (휴암동) 휴암동,공장자동화 설비,,반도체 제조용 기계 제조업
(주)에스엘파워,충북 청주시 청원구 오창읍 여천3길 256 2층,충북 청주시 청원구 오창읍 여천리 111 2층,2차전지배터리팩,법인,"전기회로 개폐, 보호 및 접속 장치 제조업"
(주)에스엠,"충북 청주시 흥덕구 공단로134, B동 107호",,반도체재료제조,,
(주)에스엠아이,충북 청원군 옥산면 국사길241 (국사리),,"반도체장비(DPS POLY, Centura 외)",,
(주)에스엠이,충북 청원군 옥산면 오산리 80-7,충북 청원군 옥산면 오산리 80-7,메모리 모듈 등,,
(주)에스와이켐,"충북 진천군 덕산읍 신척산단5로 150 (신척리, (주)에스와이캠) 에스와이켐","충북 진천군 덕산읍 신척산단5로 150 (신척리, (주)에스와이캠) 에스와이켐",차량용휠가공,,도장 및 기타 피막 처리업
(주)에스지텍,충북 증평군 도안면 화성로12 (화성리) 공장,,oca,,광학렌즈 및 광학요소 제조업
(주)에스티에스테크놀로지,충북 청주시 흥덕구 신정로 81 (송절동) 45-18,충북 청주시 흥덕구 신정로 81 (송절동) 45-18,"반도체제조장치및 부품 제조,조명,LED",법인,반도체LCD장비제조
(주)에스티엠,"충북 청주시 흥덕구 강내면 태성탑연로 111 (다락리 357-4,(주)에스티엠) 다락리 357-4","충청북도 청주시 흥덕구 강내면 태성탑연로 111 (다락리 357-4,(주)에스티엠) 다락리 357-4","기록계,온도콘트롤러,팬콘트롤러 외",,그외 기타 전자부품 제조업
(주)에이치엔티,"충북 청주시 흥덕구 옥산면 옥산산단3로 30 (호죽리, (주)에이치엔티) (주)에이치엔티",,디스플레이 점착제,,액정 표시장치 제조업
(주)에이티세미콘,"충북 진천군 이월면 이덕로 260 (미잠리 432-6,세미텍(주)) (주)에이티세미콘","충청북도 진천군 이월면 이덕로 260 (미잠리 432-6,세미텍(주)) (주)에이티세미콘",반도체,,
(주)에코프로아이씨티,충북 청주시 청원구 오창읍 과학산업2로 587-40 (송대리 311-1) 6층,,지상파 TV수신 기기,,기타 가정용 전기기기 제조업
(주)에타,충북 진천군 이월면 밤디길 65-51 1141번지,"충청북도 진천군 이월면 밤디길 65-51 (신월리 1141,에타) 1141번지",정수기부품 제조,법인,기타 가정용 전기기기 제조업
(주)에프알디,충북 진천군 이월면 장수로 343-1 (사곡리) 에프알디 2층,충북 진천군 이월면 장수로 343-1 (사곡리) 에프알디 2층,"산업용 가스, 화학제품, 반도체 장치 소모품",,
(주)엑사,충북 음성군 맹동면 두레로 23 (두성리) 301호,충북 음성군 맹동면 두레로 23 (두성리) 301호,수처리감시제어시스템(HMI),,"전기회로개폐,보호및접속장치제조업"
(주)엔디텍,경기 화성시 안녕동 178-193,충북 청원군 오창읍 양청리 충북TP 스타기업관,LCD반도체 검사장비`,,
(주)엔씨테크,충북 청주시 흥덕구 송화로2번길 26 (외북동) (주)엔씨테크,경기도 이천시 대월면 대월로 832 (초지리 228-6) (주)엔씨테크,"반도체부품,lcd부품",법인,반도체 제조용 기계 제조업
(주)엔에스,충북 청주시 청원구 오창읍 각리1길 27 (각리 643-4) 643-4,충북 청주시 청원구 오창읍 송대리 344 344,2차전지 제조장비,법인,반도체 제조용 기계 제조업
(주)엔지온,충북 청주시 청원구 오창읍 과학산업3로 94 (각리) (주)엔지온,충북 청주시 청원구 오창읍 과학산업3로 94 (각리) (주)엔지온,반도체/LCD장비 검사모듈,법인,기타 반도체소자 제조업
(주)엔티아이,"충북 청주시 흥덕구 옥산면 오산가좌로 387 (호죽리, (주)엔티아이) 엔티아이","충북 청주시 흥덕구 옥산면 오산가좌로 387 (호죽리, (주)엔티아이) 엔티아이","전자기 측정, 시험 및 분석기구",,"물질 검사, 측정 및 분석기구 제조업"
(주)엔피에스,충북 청주시 흥덕구 서부로 735 (현암동) (주)엔피에스,충북 청주시 흥덕구 서부로 735 (현암동) (주)엔피에스,레이저재단기,,산업 처리공정 제어장비 제조업
(주)엘디티,충북 청주시 청원구 오창읍 연구단지로 76 본부관 419호 685-1 충북테크노파크 미래융합기술관 214호,충북 청원군 오창읍 양청리 818-4거묵빌딩 6층,"반도체,유기EL DRIVER IC 설계,개발,제조",법인,
(주)엘씨,충북 청주시 청원구 내수읍 은곡2길 12 (은곡리 287-2) 12,충청북도 청주시 청원구 내수읍 은곡2길 12 (은곡리 287-2) 12,"전기,전자장비 및 반도체제조용 기계제작",,반도체 제조용 기계 제조업
(주)엘에스켐,충북 괴산군 청안면 첨단산단1로 24 (청용리) 주식회사 엘에스켐,충북 괴산군 청안면 첨단산단1로 24 (청용리) 주식회사 엘에스켐,"반도체리간드,화장품첨가제,의약품 중간체",법인,
(주)엠로드정보시스템,충북 청원군 오창읍 가좌리 200번지 3층 3층,,시스템통합 및 전자제어장치 구축업외,,응용소프트웨어 개발 및 공급업
(주)엠비젼,충북 청주시 흥덕구 신성로 103 (신성동) (신성동),충북 청주시 흥덕구 신성로 103 (신성동) (신성동),"검사기기및　부품,위조지폐감별기기",법인,광학렌즈 및 광학요소 제조업
(주)엠시스템,충북 청주시 청원구 충청대로320번길 39 (주성동) 주성동 271-4,충북 청주시 청원구 충청대로320번길 39 (주성동) 주성동 271-4,"반도체, 2차전지기계설비, 공장자동화",법인,
(주)엠씨테크놀로지,경기 수원시 영통구 이의동 906-5경기 R&D센터 713호,충북 청원군 오창읍 양청리 685-3 충북TP 미래융합 213호,"반도체, Driver-Ic",법인,
(주)엠앤티,충북 청주시 청원구 외남로 48-59 (외남동) (주)엠앤티,충북 청주시 청원구 외남로 48-59 (외남동) (주)엠앤티,자동화 기계 (컨베이어 등),,그 외 기타 특수목적용 기계 제조업
(주)엠에스레이저,충북 청주시 흥덕구 사운로396번길 35 (신봉동) (주)엠에스레이저,,"철판, 스텐 레이저가공",,반도체 제조용 기계 제조업
(주)엠에스지솔루션,"충북 청주시 청원구 오창읍 양청4길 45 (주성리, 충북대학교 오창캠퍼스 융합기술원) A동3층 304-D1호",,"반도체소자, 센서, 나노소재",,
(주)엠케이켐앤텍,"경기 안산시 단원구 원시로 71 (목내동, (주)엠케이컴엔텍) (주)엠케이켐앤텍",충북 청주시 흥덕구 옥산면 과학산업3로 28 (남촌리) (주)엠케이켐앤텍 2공장,화학약품/인쇄회로기판,,연성 및 기타 인쇄회로기판 제조업
(주)엠피텍,충북 청주시 청원구 북이면 신대석성로 380 (석성리) (주)엠피텍,충북 청주시 청원구 북이면 신대석성로 380 (석성리) (주)엠피텍,전자부품 및 합성수지,,
(주)온광,"충북 청주시 흥덕구 공단로134, 601호 (송정동,세종테크노밸리) -","충북 청주시 흥덕구 공단로 134 (송정동, 세중테크노밸리) 601호","배선용차단기, 누전차단기 등",,"전기회로 개폐, 보호 및 접속 장치 제조업"
(주)옵토웨이퍼테크,충북 진천군 진천읍 장관리 621-2,충북 진천군 진천읍 장관리 621-2 9필지,반도체 소재,,
(주)옵트에이아이,"충북 청주시 청원구 오창읍 양청4길 45 (주성리, 충북대학교 오창캠퍼스 융합기술원) 충북대학교 융합기술원 A동 502호",,AI SW,,응용 소프트웨어 개발 및 공급업
(주)와이엠텍,충북 청주시 흥덕구 옥산면 과학산업3로 38 (남촌리) (주)와이엠텍,충청북도 청주시 청원구 북이면 팔결신대로 421 (내둔리 84) (주)와이엠텍,DC 릴레이,IPO,"전기회로 개폐, 보호 및 접속 장치 제조업"
(주)와이즈오토모티브,서울 서초구 반포대로3길 31 (서초동) 와이즈빌딩 3층 와이즈오토모티브,충북 청주시 흥덕구 옥산면 환희3길 33 (환희리) 와이즈오토모티브 청주시험센터,멀티미디어 정밀계측장비,,그 외 기타 전자부품 제조업
(주)와이티에스,"충북 청주시 청원구 오창읍 신평중신길 93-11 (신평리, 포유테크) (주)와이티에스",,E-DTCU ASSY(DPS METAL),,반도체 제조용 기계 제조업
(주)우영메디칼,"충북 진천군 진천읍 상신2길 98 (상신리, (주)우영메디칼) .","충북 진천군 진천읍 상신2길 98 (상신리, (주)우영메디칼) .",의약품주입펌프,법인,그외 기타 의료용 기기 제조업
(주)우진기전,충북 괴산군 이곡로1길 9 (주)우진기전,충청북도 괴산군 이곡로1길 9 (주)우진기전,PSD,,철도차량부품 및 관련장치물 제조업
(주)웃샘,충북 청주시 흥덕구 옥산면 덕촌삼성골길 16 (덕촌리) 1층,충북 청주시 흥덕구 옥산면 덕촌삼성골길 16 (덕촌리) 1층,"음압캐리어,음압휠체어",,그 외 기타 의료용 기기 제조업
(주)워너이엔지,충북 청주시 청원구 내수읍 묵방국동로 68-10 (묵방리) 워너이엔지,충북 청주시 청원구 내수읍 묵방국동로 68-10 (묵방리) 워너이엔지,반도체용 열처리 장비(Furnace),,반도체 제조용 기계 제조업
(주)원익머트리얼즈,충북 청주시 청원구 오창읍 양청3길 30 (양청리) 원익머트리얼즈,충북 청주시 청원구 오창읍 양청3길 26 (양청리),"산업용가스(암모니아, 아산화질소) 등",,산업용 가스 제조업
(주)위더스,"충북 청주시 흥덕구 가로수로1251, 108호 (복대동,충북녹색산업진흥원입주기업실)",,반도체장비,,
(주)위더스비젼,충북 청원군 오창읍 양청리 685-1번지 충북테크노파크 선도기업관 202호,충북 청원군 오창읍 양청리 685-1번지 충북테크노파크 선도기업관 202호,반도체,법인,
(주)위드위즈,"충북 청주시 청원구 내수읍 덕암길 10, 창업3관 201호 비 창업보육센터 창업3관 201B호","충청북도 청주시 청원구 내수읍 덕암길 10 (덕암리 4,충북보건과학대학교) 창업보육센터 창업3관 201B","전자부품 및 전자기기,태양광 설비 개발, 태양광 모듈,2차전지 관련 설비 개발 및 설치업,파쇄기, 파봉기, 분쇄기,무역업",법인,그외 기타 의료용 기기 제조업
(주)유니온이엔지,충북 진천군 광혜원면 만디1길 10-32 (죽현리) 유니온이엔지,,"콘트롤판넬, 자동화기계",법인,산업처리공정 제어장비 제조업
(주)유니테크반도체,"충북 청원군 오창읍 양청6길4-26, 105호 (양청리)",,,,
(주)유비콤,"충북 청주시 청원구 오창읍 양청4길 45, 비522호 비526호 비528호 씨542호 충북대학교 융합기술원 B522호",충북 청주시 흥덕구 개신동 충북대학교 학연산 972호,"통신기기,반도체,원격검침기 제조,도소매,무역/전기회로개폐보호,배전반,자동제어반 제조/정보통신공사",법인,"전기회로 개폐, 보호 및 접속 장치 제조업"
(주)유아이디,충남 연기군 전동면 노장리 404-25,충북 청원군 오창읍 송대리 319-7,ITO 코팅유리,,그외 기타 전자부품 제조업
(주)유아이디,충북 청주시 흥덕구 대신로146번길 174 (송정동) (주)유아이디,충북 청주시 흥덕구 대신로146번길 174 (송정동) (주)유아이디,ITO COATING,,그 외 기타 전자부품 제조업
(주)유진테크시스템,"충북 청주시 흥덕구 직지대로436번길 76, 1141호 1141호","충북 청주시 흥덕구 직지대로436번길 76 (송정동, 직지스마트타워) 1141호","무선방송통신,유무선통신장비　제조업,음향기기,패키지소프트웨어　개발.공급사업",법인,인쇄회로기판 제조업
(주)유케이테크놀로지,충북 청주시 흥덕구 송정동 27-18,충북 청주시 흥덕구 송정동 27-18,반도체자동화설비부품,,
(주)유토테크,충북 청주시 흥덕구 신전로 59 (휴암동) (주)유토테크,충북 청주시 청원구 내수읍 원통숲안1길 34-12 (원통리) (주)유토테크,산업기기 (초고압차단기),,"전기회로 개폐, 보호 및 접속 장치 제조업"
(주)은광전자,충북 청주시 흥덕구 봉명동 391-21 (주)은광전자,충북 청주시 흥덕구 봉명동 391-21 (주)은광전자,PCB,,인쇄회로기판 제조업
(주)이넥트론,충북 청원군 오창읍 각리 643-5 오창과학단지내 102호 15블럭,충북 청원군 오창읍 각리 643-5 오창과학단지내 102호 15블럭,"PCB, 기능성 헬스밴드, 플라즈마 처리장비",법인,
(주)이노스,충북 청주시 상당구 토성로214번길38-28 (정북동),,"반도체장비(정글박스, 열교환기 부부품 외)",,
(주)이앤씨,"충북 청주시 청원구 오창읍 연구단지로 40, 선도기업관 310호 204 (개신동, 농업전문창업보육센터)","충북 청주시 서원구 충대로 1 (개신동, 충북대학교) 203 (개신동, 농업전문창업보육센터)",반려견급식기,법인,그외 기타 전자부품 제조업
(주)이앤씨세미콘,충북 청주시 청원구 오창읍 농소길 33-16 (주)이엔씨세미콘,,"반도체 장비, 부품",,반도체 제조용 기계 제조업
(주)이앤지,충북 진천군 문백면 옥성3길 2-7 (옥성리) (주)이앤지,충북 진천군 문백면 옥성3길 2-7 (옥성리) (주)이앤지,반도체 석영유리,,
(주)이엔씨테크,충북 청주시 흥덕구 2순환로742번길 2 (화계동) 이엔씨테크,,개발검사장비,,그외 기타 전자부품 제조업
(주)이엠에스,충북 청주시 흥덕구 에스케이로 181 (화계동) (주)이엠에스,,인쇄회로기판,,인쇄회로기판 제조업
(주)이트리온,"충북 청원군 오송읍 오송생명2로125, 오송의생명공학 연구원 501호 (연제리,고려대학교)",,반도체 및 전자부품 외,,
(주)인랩,"충북 청주시 청원구 오창읍 연구단지로 76 (양청리, 충북테크노파크) 본부관 320호",,반도체/PCB용 점접착 필름,,"플라스틱 적층, 도포 및 기타 표면처리 제품 제조업"
(주)일광테크,"충북 청주시 흥덕구 강촌로 266 (서촌동, (주) 일광테크) (서촌동)","충북 청주시 흥덕구 강촌로 266 (서촌동, (주) 일광테크) (서촌동)","금속가공기계,자동화시스템외",,그 외 기타 전자부품 제조업
(주)일하하이텍,충북 청주시 흥덕구 옥산면 옥산산단2로 45 (호죽리) (주)일하하이텍,,SENSOR,,반도체 제조용 기계 제조업
(주)정광,충북 청원군 오창읍 과학산업3로154 (각리) (주)정광,충북 청주시 청원구 오창읍 과학산업3로 154 (각리) (주)정광,LCD액정유리연마,,액정 표시장치 제조업
(주)제니스월드,충북 진천군 밤디길 68 (주)제니스월드,충청북도 진천군 밤디길 68 (주)제니스월드,"반도체,디스플레이 장비 부품 제조 및 세정",,그외 기타 전자부품 제조업
(주)제이엔에스,충북 청주시 청원구 내수읍 풍정3길 47 (풍정리) 전체동,,반도체용 쿼츠,,기타 반도체소자 제조업
(주)제이엘반도체,"충북 청원군 오창읍 중심상업로14, 310호 (양청리,대운프라자)",,반도체 외,,
(주)제이월드,충북 옥천군 옥천읍 의료단지길 79 101호,,의료기기,법인,그외 기타 의료용 기기 제조업
(주)제이텍,"충북 청주시 흥덕구 월명로55번길 31 (송정동, 한국합섬주식회사제2공장) (주)제이텍","충북 청주시 흥덕구 월명로55번길 31 (송정동, 한국합섬주식회사제2공장) (주)제이텍",PCB전기검사,,인쇄회로기판용 적층판 제조업
(주)제이피이,충북 청원군 오창읍 각리 641-14번지 (주)제이피이,충북 청주시 청원구 오창읍 각리1길 28 (각리) (주)제이피이,"LCD필름,정밀기계",,그 외 기타 특수목적용 기계 제조업
(주)제트바이오텍,"충북 청주시 흥덕구 공단로 134, 1409호 제트바이오텍",충북 청주시 흥덕구 월명로55번길 57 (송정동) 제트바이오텍,의료기기 제조,,그외 기타 의료용 기기 제조업
(주)제퍼로직 (지점),충북 음성군 감곡면 왕장리 극동대학교 정보통신관 501호,,전력용반도체설계,,
(주)조이테크,"충북 진천군 문백면 농다리로 255-4 (은탄리, (주)조이테크) 문백기계정밀산업단지3BL","충북 진천군 문백면 농다리로 255-4 (은탄리, (주)조이테크) 문백기계정밀산업단지3BL",자동차용 브레이크 부분품 조립,,"탭, 밸브 및 유사 장치 제조업"
(주)지디GD,충북 청주시 흥덕구 송정동 123-1,충북 청주시 흥덕구 송정동 123-1,"LCD, 반도체장비",법인,액정 평판 디스플레이 제조업
(주)지디에스,충북 청주시 흥덕구 장구봉로143번길 3 (복대동) 201호,,디스플레이/반도체 기술 솔루션,,
(주)지에스테크,충북 청주시 청원구 북이면 대율내추길 266-13 (내추리) 지에스테크,,플라스틱성형제품,,그 외 기타 전자부품 제조업
(주)지트론,충북 청주시 흥덕구 송정동 70-8,충북 청주시 흥덕구 송정동 70-8,"인터넷폰, 차량용 전장품, CCD 카메라",,전자부품 실장기판 제조업
(주)천보,"충북 충주시 주덕읍 중원산업로312 (당우리,중원지방산업단지) (주)천보",,"정밀화학원료(LCD, 반도체 첨가제), 기초화학원료(옥살산, 옥살산소다 외)",,기타 기초유기화학물질 제조업
(주)청우에스이,"충북 청주시 서원구 현도면 시목외천로 258-2 (중삼리, ㈜청우에스이) 청우에스이","충북 청주시 서원구 현도면 시목외천로 258-2 (중삼리, ㈜청우에스이) 청우에스이",송전 케이블 설치기계 외,,그 외 기타 특수목적용 기계 제조업
(주)청일레이져,충북 청주시 청원구 내수읍 은곡2길 12 (은곡리) -,충북 청주시 청원구 내수읍 은곡2길 12 (은곡리) 1,기타기계제조업,,절삭가공 및 유사처리업
(주)칠칠기업,"충북 진천군 초평면 영신1길 3 (오갑리, (주)칠칠기업) 오갑리 190-1","충북 진천군 초평면 영신1길 3 (오갑리, (주)칠칠기업) 오갑리 190-1",분체도장제품,,도장 및 기타 피막처리업
(주)케이디에스테크놀로지,"충북 청원군 북이면 내추옥수길21-8, 씨동 (내추리)",,반도체용 Scrubber 외,,
(주)케이씨티,충북 청주시 청원구 오창읍 후기리 152-3 1단,충북 청주시 청원구 오창읍 후기리 152-3 1단,"반도체장비,진공펌프 외",,
(주)코라이징,충북 청주시 흥덕구 사창동 152-13 해성빌딩 4층,,소프트웨어 개발,,응용소프트웨어 개발 및 공급업
(주)코본테크,"충북 청주시 흥덕구 직지대로 530, 501호 502호 503호 507호 청주테크노에스타워 501,502,503,507호","충북 청주시 흥덕구 직지대로 530 (송정동, 청주 테크노 S타워) 청주테크노에스타워 501,502,503,507호","전자집적회로,자동차부품 제조",법인,비메모리용 및 기타 전자집적회로 제조업
(주)코스모파워,"서울 구로구 경인로53길 90 (구로동, 에스티엑스 더블유 타워) 1510호",충북 청주시 청원구 오창읍 성산질푼이길 12-55 (성산리) 1동,"DC접속반, 저.고압수배전반,태양광발전설비납품 및 시공,전기공사",,전동기 및 발전기 제조업
(주)코스텍,충북 청주시 흥덕구 월명로183 (봉명동),,반도체 장비,,
(주)코아아이티,충북 청주시 청원구 오창읍 과학산업4로 8-6 (각리) 코아아이티,,소프트웨어개발및자문,,소프트웨어 개발 및 공급업
(주)코엠에스,충북 청주시 흥덕구 공단로98번길 77 (송정동 70-35) (주)코엠에스,충청북도 청주시 흥덕구 공단로98번길 77 (송정동 70-35) (주)코엠에스,"pcb장비,반도체 장비 개발",법인,반도체 제조용 기계 제조업
(주)코이즈,충북 충주시 대소원면 첨단산업로 146 (주)코이즈,충북 충주시 대소원면 첨단산업로 146 (본리) (주)코이즈,"액정보호필름,백라이트부품 제조",법인,광학 렌즈 및 광학 요소 제조업
(주)큐알티반도체,경기 이천시 부발읍 하이닉스반도체 단지 내 (주)큐알티반도체,충북 청주시 흥덕구 향정동 1 번지,반도체기술서비스,,
(주)크래프터,"충북 청주시 흥덕구 직지대로 530 (송정동, 청주 테크노 S타워) 서관 605호","충북 청주시 흥덕구 직지대로 530 (송정동, 청주 테크노 S타워) 서관 605호","코팅장비, 시험장비, 연구장비, 자동화장비 등",,산업처리공정 제어장비 제조업
(주)크린플로,"충북 청주시 흥덕구 공단로134, 1515호 (송정동,세중테크노밸리)",,"반도체부품,기계설비",,
(주)키보플,충북 청주시 청원구 오창읍 각리1길 97 (각리 643-6) 306호(비즈니스센터),,키보드앱/블루투스 키보드(예정),,응용소프트웨어 개발 및 공급업
(주)타보스,"충남 천안시 서북구 직산읍 4산단3로 36-6 (신갈리, (주)양우엔피에스) 270",충청남도 천안시 서북구 직산읍 신갈리 270,이차전지 및 충전기,,축전지 제조업
(주)탑티앤지,충북 청주시 흥덕구 오송읍 정중연제로 727 (연제리) (주)탑티앤지,충북 청주시 흥덕구 오송읍 정중연제로 727 (연제리) (주)탑티앤지,"의료기기,정밀기계장치",,그 외 기타 의료용 기기 제조업
(주)터보소프트,충북 청주시 흥덕구 오송읍 의료단지길 116 (연제리) 201호,충북 청주시 청원구 외남로15번길 81 (외남동),의료기기 및 서비스,법인,시스템 소프트웨어 개발 및 공급업
(주)테크원코리아,충북 청주시 흥덕구 덕암로12번길 9-3,,"전기전자산업용장비,피씨비보드,컴퓨터부품,반도체부품,무역업",,
(주)토마스엔지니어링,충북 청주시 청원구 북이면 신대석성로 397 (석성리) (주)토마스엔지니어링,충북 청주시 청원구 북이면 신대석성로 397 (석성리) (주)토마스엔지니어링,톰포드,법인,반도체 제조용 기계 제조업
(주)토마스케이블,충북 청주시 청원구 오창읍 여천3길 206 토마스케이블,충청북도 청주시 청원구 오창읍 여천3길 206 (여천리 20-7) 토마스케이블,"전선,자동화부품 도소매,제조",법인,기타 절연선 및 케이블 제조업
(주)투에이취켐,충북 괴산군 충민로 234 (180-3번지),충청북도 괴산군 충민로 234 (180-3번지),기능성플라스틱원료및필름,,그외 기타 전자부품 제조업
(주)트라코텍,충북 청원군 오창읍 각리 641-1 오창벤처프라자 203호,충북 청원군 오창읍 각리 641-1 오창벤처프라자 203호,반도체장비,,
(주)티니코,"충북 청주시 청원구 오창읍 중심상업2로 48, 충북지방중소기업청사 티-팩토리 사무동 204호 중소기업청 T-팩토리 사무동 204호",,"의료기기,구조금속제품,금속단조압형및분말야금제품,의료기기,수입(의료기기)",법인,그외 기타 의료용 기기 제조업
(주)티스코,충북 청원군 오창읍 송대리 316-12번지,,반도체(메모리칩) 검사,,
(주)티씨엠,충북 청주시 청원구 오창읍 복현4길 70-7 (복현리) (주)티씨엠,,무선충전기 등,,기타 무선 통신장비 제조업
(주)티에스엘,충북 청주시 서원구 궁뜰로33번길 51 (미평동) 201호,충북 청주시 서원구 2순환로 1871 (장암동) 2층,"반도체 LASER HEAD, 계측전장 재생, 제작",,그 외 기타 전기장비 제조업
(주)티에스티인터내셔날,충북 옥천군 옥천읍 가풍리 1120-1 티에스티 인터내셔날,충북 옥천군 옥천읍 가풍리 1120-1 티에스티 인터내셔날,실험기 및 반응기,,"물질 검사, 측정 및 분석기구 제조업"
(주)티에스피코리아,충북 음성군 금왕읍 금일로 257 (주)티에스피코리아,충북 음성군 금왕읍 금일로 257 (쌍봉리) (주)티에스피코리아,"전자부품, 반도체부품, 산업용기계장비",법인,그외 기타 분류안된 섬유제품 제조업
(주)티톱이앤지,충북 청주시 흥덕구 옥산면 소로2길 77 (주)티톱이앤지,충북 청주시 흥덕구 옥산면 소로2길 77 (소로리) (주)티톱이앤지,이차전지 관련,법인,그 외 기타 전자부품 제조업
(주)파워로직스,충북 청주시 흥덕구 옥산면 과학산업4로 163 1108-1,충북 청원군 옥산면 남촌리 1108-1,"밧데리 보호회로,검사장비,전기전자부품 제조,도소매,무역/소프트웨어 개발,판매,ESS, 배터리팩",법인,그외 기타 전자부품 제조업
(주)파이온텍,충북 청주시 흥덕구 오송읍 연제리 687 오송생명과학단지내,충북 청주시 흥덕구 오송읍 연제리 687 오송생명과학단지내,기능성화장품외,법인,화장품 제조업
(주)파인디어칩,충북 청주시 서원구 충대로 1 (개신동) 충북대학교 학연산공동기술연구원 580호 학연산공동기술연구원 580호,,시스템반도체,법인,
(주)파인세스,충북 제천시 금성면 양화리 234-2,충북 제천시 금성면 양화리 234-2,반도체 및 산업용노즐,법인,
(주)파인에코,"충북 진천군 덕산면 정통로 9, 201호 (태양광기술지원센터) 2층 201호",,"비금속광물분쇄물 생산,비철금속,반도체웨이퍼 임가공,실리콘 세정/비철금속,전자부품 도매,무역/창고건물 임대",,기타 기초무기화학물질 제조업
(주)페어코드,"충북 청주시 서원구 충대로 1 (개신동, 충북대학교) 학연산 402호",,소프트웨어 공급,,시스템 소프트웨어 개발 및 공급업
(주)페어텍,충북 청주시 흥덕구 옥산면 옥산산단4로 197 (호죽리) 옥산산업단지,,LCD반도체관련부품,,그 외 기타 전자 부품 제조업
(주)포커스전자,충북 청원군 오창읍 각리 654-5,충북 청원군 오창읍 각리 654-5,반도체장비(PCB),,
(주)포티조,서울 서초구 서초동 1449-2 하임빌딩,충북 청원군 오창읍 각리 644-7,화합물반도체 웨이퍼,,
(주)퓨쳐하이테크,충북 청원군 오창읍 용두리 141-9,충북 청원군 오창읍 용두리 141-9,"반도체, 엘시디 리퍼블리싱",법인,
(주)프라우텍,충북 청원군 옥산면 과학산업3로32 (남촌리),,반도체 LED 소재-에피웨이퍼,,
(주)프로웨트,충북 청주시 청원구 사천로18번길 5-3 (사천동) 프로웨트,충북 청주시 청원구 사천로18번길 5-3 (사천동) 프로웨트,반도체기계,,그외 기타 특수목적용 기계 제조업
(주)플롯퍼실리티스,"충북 청주시 청원구 내수읍 덕암길 10 (덕암리, 충북보건과학대학교) 창업보육센터 2관 생산형 101호","충북 청주시 청원구 내수읍 덕암길 10 (덕암리, 충북보건과학대학교) 창업보육센터 2관 생산형 101호","반도체용 칠러(냉각기), 반도체 장비 부품 클리너",,반도체 제조용 기계 제조업
(주)플리펙스,서울 강남구 역삼동 635-7번지 삼정빌딩 6층,충북 청원군 오창읍 양청리 685-1 충북테크노파크 선도기업관 104호,"전기, 전자, 반도체 관련 소프트웨어 및 지식사업",법인,
(주)피앤엠테크,경기 이천시 대월면 대장로 315-15 (대대리) (주)피앤엠테크,충북 청주시 청원구 오창읍 연구단지로 40 (양청리) 충북테크노파크 B관 204호,"반도체 및 의료기기 모듈, 전기전자부품",,
(주)피앤테크,충북 청주시 청원구 무심동로 782 502-1,충북 청주시 상당구 사천동 502-1,"반도체,반도체장비,반도체장비,부품,무역,오퍼,반도체장비수리",,반도체 제조용 기계 제조업
(주)피에프제이,"충북 청주시 흥덕구 공단로134, 세중테크노밸리 비104호,105호 (송정동) 세중테크노밸리 지하 104호, 105호(송정동)",,반도체소자,,전자집적회로 제조업
(주)피제이솔루션,충북 청주시 청원구 오창읍 중신1길 76-55 (주)피제이솔루션,,LCD모니터개발,,그외 기타 전자부품 제조업
(주)피치솔루션,"충북 청주시 청원구 율봉로159번길 73-1, 219호 (율량동, 스톰비오피스센터) 219호 (율량동, 스톰비오피스센터)",,협업솔루션,법인,응용 소프트웨어 개발 및 공급업
(주)픽셀즈,"충북 청주시 청원구 상당로 314, 322호 1301호","충북 청주시 흥덕구 공단로 134 (송정동, 세중테크노밸리) 1301호","소프트웨어개발및공급, 게임개발업",법인,시스템 소프트웨어 개발 및 공급업
(주)하우앳,"충북 청주시 청원구 오창읍 양청4길 45 (주성리, 충북대학교 오창캠퍼스 융합기술원) b동 421호","충북 청주시 청원구 오창읍 양청4길 45 (주성리, 충북대학교 오창캠퍼스 융합기술원) c동 453호",소프트웨어개발,법인,전기전자공학연구개발업
(주)하이텔레콤,충북 청주시 청원구 내수읍 도원리 70-2 (주)하이텔레콤,충북 청주시 청원구 내수읍 도원리 70-2 (주)하이텔레콤,비데용 pcb기판제조,,전자부품실장기판제조업
(주)하이템,충북 청원군 오창읍 양청리 685-1번지 충북테크노파크 스타기업관 303호,,LCD 반도체 검사장비,,
(주)한길이에스티,충북 청원군 오창읍 가곡리 51-1,충북 청원군 오창읍 가곡리 51-1,산업용계량계전기,법인,그외 기타 전자부품 제조업
(주)한랩,충북 청주시 흥덕구 오송읍 오송생명5로 8 충북 청주시 흥덕구 오송읍 오송생명 5로 8,충북 청원군 강외면 연제리 충북 청주시 흥덕구 오송읍 오송생명 5로 8,"의료용기기．의약품,이화학용기기,무역업,TLA Sy stem(자동화라인),소프트웨어개발및공급업",법인,그외 기타 의료용 기기 제조업
(주)한림의료기,충북 청주시 청원구 오창읍 양청송대길 44 (송대리) (주)한림의료기,충북 청주시 청원구 오창읍 양청송대길 44 (송대리) (주)한림의료기,"응급카트, 환자운반차,필름판독기,온장고,모니터카트,스크럽싱크",법인,그외 기타 의료용 기기 제조업
(주)한신정보기술,충북 청주시 상당구 수암로 37 (수동) 1층,,소프트웨어 개발,,응용 소프트웨어 개발 및 공급업
(주)한아텍,충북 청주시 흥덕구 복대동 221-33 백용빌딩5층,충청북도 청주시 흥덕구 복대동 221-33 백용빌딩 5층,소프트개발,,시스템 소프트웨어 개발 및 공급업
(주)한얼누리,충북 단양군 단양읍 상진14길 1 (주)한얼누리,충북 음성군 삼성면 선정로97번길 90-4 (선정리) (주)한얼누리 음성공장,태양광발전시스템,법인,전동기 및 발전기 제조업
(주)해치텍,"충북 청주시 청원구 오창읍 연구단지로 40, 스타기업관 206,207,307호 B동 307호","충북 청주시 청원구 오창읍 연구단지로 40 (양청리, 충북테크노파크) 스타기업관 206,207,301,302호",반도체부품,법인,비메모리용 및 기타 전자집적회로 제조업
(주)호연,충북 음성군 대소면 산내로 104 (내산리) 호연,충북 음성군 대소면 삼양로 749 (삼호리) 호연,유체제어설비제조,,그 외 기타 일반 목적용 기계 제조업
(주)화우로,충북 청주시 청원구 오창읍 각리1길 97,,반도체부품,,
(주)휴코,충북 청주시 흥덕구 강내면 서부로 180-17 (주)휴코,,"산업기계,흄후드,실험대,무균대,반도체장비",,그외 기타 일반목적용 기계 제조업
CGS,충북 청원군 오창읍 양청리 685-1 충북테크노파크 선도기업관 205호,,반도체 package,,
DCT머티리얼,충북 진천군 덕산읍 신척산단1로 47 (신척리) DCT머티리얼,충북 진천군 덕산읍 신척산단1로 47 (신척리) DCT머티리얼,반도체용 코팅소재,,20499
GH산전주식회사,충북 청주시 청원구 내수로 189-1 (주중동) GH산전주식회사,충청북도 청주시 청원구 내수로 189-1 (주중동 45) GH산전주식회사,"전기,전자부품",,"전기회로 개폐, 보호 및 접속 장치 제조업"
HDTECH,충북 청주시 흥덕구 송정동 27-14 한국합섬내,충북 청주시 흥덕구 송정동 27-14 한국합섬내,반도체쉽핑트레이,,
I.N.G,충북 청주시 청원구 북이면 내둔길 56 (내둔리) ING,충북 청주시 청원구 북이면 내둔길 56 (내둔리) ING,반도체 부품및자동화설비,,반도체 제조용 기계 제조업
JK도장,충북 청주시 서원구 남이면 남석로 104-38 (척산리) JK도장,충북 청주시 서원구 남이면 남석로 104-38 (척산리) JK도장,금속도장,,도장 및 기타 피막처리업
JSRMICROKOREA(제이에스알마이크로코리아(주)),충북 청원군 옥산면 남촌리 1111-5,,플랫패널디스플레이어용 및 반도체용 재료등 화학약품의 제조 및 판매,법인,
S.M.C엔지니어링,"충북 청주시 흥덕구 장구봉로17, 4층 (가경동)",,반도체테스트소켓 외,,
S.T정밀,충북 청주시 흥덕구 화계로153번길10 (화계동),,반도체 제조용 기계,,
SKSEMICON,충북 충주시 연수동 1461번지 2층,충북 충주시 연수동 1461번지 2층,반도체 장비 및 부품,,
TRS,"충북 청주시 서원구 충대로 1 (개신동, 충북대학교) 학연산 공동기술연구원 505호",,반도체 IP 및 기술킨설팅 제공/반도체설계,,제조/반도체
YMS,"충북 청주시 흥덕구 내수동로52, 학연산공동기술연구원 505호 (개신동,충북대학교)",,반도체,,
㈜맥바이오테크,"충북 청주시 청원구 오창읍 연구단지로 40, 선도기업관 301호 산학공동연구원574호",충북 청주시 청원구 오창읍 연구단지로 40 (양청리) 충북테크노파크A동 310호,"화장품,미용의료기기",,그외 기타 의료용 기기 제조업
㈜메타신,충북 청주시 흥덕구 오송읍 오송생명1로 194-41 C&V센터 기업연구1관 710호 기업연구1관 710호,강원 원주시 흥업면 북원로 1397 (매지리) 첨단의료기기벤처센터 409호,"기초의약품제제, 건강기능식품, 의료기기, CCTV단말장비",,생물학적 제제 제조업
㈜아바텍,충북 옥천군 옥천읍 의료단지길 79 203.207호 의료기기보육센타 203호,충청북도 옥천군 옥천읍 의료단지길 79 (가풍리 1130) 의료기기보육센타 203호,"레이저의료기기,미용기기",,그외 기타 의료용 기기 제조업
㈜아이윈,"충북 청주시 청원구 오창읍 연구단지로 40, 선도기업관 202, 206~211호 충북테크노파크 선도기업관 206",충북 청원군 오창읍 양청리 685-1 선도기업관 206호,반도체 테스트 소켓 外,법인,"물질 검사, 측정 및 분석 기구 제조업"
㈜아이티엠반도체,대구광역시 북구 경대로17길 47 테크노빌딩 (주)아이티엠반도체 (1공장),충청북도 청원군 과학산업1로 82-7 (주)아이티엠반도체 (1공장),"배터리 보호회로,휴대전화기용 배터리팩,반도체칩,로프안테나 제조,개발,판매",,그외 기타 전자부품 제조업
㈜에이티에스,충북 청주시 흥덕구 직지대로 530 (송정동) 1동209호,,반도체,법인,
㈜온테스트,"충북 청주시 청원구 오창읍 연구단지로 76, 본부관 217호 흥덕1로 13, 타워동 1001호","충청북도 청주시 청원구 오창읍 연구단지로 40 (양청리 685-1) 217호 (충북테크노파크, 미래융합관C관)","반도체검사용장비및관련부품제조판매,특수목적용 기계/농업용기계,학술연구용역업/에너지저장장치제조,교육 및 실험용 과학기기,전기공사업,소프트웨어개발및판",,"전자기 측정, 시험 및 분석기구 제조업"
㈜케이에이피에스,충북 청주시 청원구 오창읍 꽃화산1길 97-8 (용두리) (주)케이에이피에스,충북 청주시 청원구 오창읍 꽃화산1길 97-8 (용두리) (주)케이에이피에스,광학 필름 및 데코레이션 필름,법인,광학 렌즈 및 광학 요소 제조업
㈜테스트밸리,"충북 청원군 오창읍 양청리 685-1번지 203호 충북테크노파크 스타기업관 202,203,208호",,반도체검사,,
가스테크코리아(주),"충북 진천군 진천읍 성중로 215 (송두리, 밀성가스테크코리아) 가스테크코리아","충북 진천군 진천읍 성중로 215 (송두리, 밀성가스테크코리아) 가스테크코리아",산업용가스,,산업용 가스 제조업
가온반도체,충북 청주시 흥덕구 덕암로35번길 87 (봉명동) 봉명동,,반도체부품,,반도체 제조용 기계 제조업
경성에스이엘,충북 청주시 청원구 오창읍 연구단지로 76 스마트IT융합관 208호 B동711호,"서울 금천구 가산디지털1로 119 (가산동, SK트윈테크타워) B동 711호","전기전자제품,품질기술서비스",법인,"물질 검사, 측정 및 분석기구 제조업"
고려전자㈜,충북 충주시 용탄농공1길 20 (용탄동) 고려전자,충북 충주시 용탄농공1길 20 (용탄동) 고려전자,"온도센서,자동차 부품,열동식 구동기",법인,산업처리공정 제어장비 제조업
공간공유(ITFACTORY),"충북 청주시 흥덕구 송화로150번길 15-2 (송절동, 엠스퀘어) 806호",,"응용 소프트웨어, MES, PLM, 등등",,응용 소프트웨어 개발 및 공급업
국제정밀엔지니어링,충북 청주시 청원구 오창읍 신평중신1길 19 (신평리) 국제정밀엔지니어링,,기계부품,,그 외 기타 특수목적용 기계 제조업
그린테크,"충북 청주시 서원구 탑골로 6 (산남동, 청주현진에버빌아파트) 현진에버빌 105-705",충북 청주시 청원구 오창읍 신평중신길 39-22 (농소리) 그린테크,반도체 부품,,
글로텍 주식회사,충북 충주시 대소원면 기업도시1로 28 (영평리 578) 글로텍 주식회사,충청북도 충주시 대소원면 기업도시1로 28 (영평리 578) 글로텍 주식회사,복합시트,,그외 기타 전자부품 제조업
금수기획,"충북 청주시 청원구 오창읍 중심상업로 32-13 (양청리, 엔젤프리존) 701-77",,응용 소프트웨어 제작,,응용소프트웨어 개발 및 공급업
금영테크,충북 청주시 청원구 주중로 24 (주중동) (주)금영테크,,"유압크레인,어업용작업기,임업용작업기",,유압기기 제조업
나너테크,충북 청원군 오창읍 신평중신길93-10 (신평리),,반도체부품,,
나노전광(주),대전 유성구 전민동 305-8,충북 청원군 오창읍 양청리 685-1번지 충북테크노파크 스타기업관 213호,반도체공정장비,법인,
네오트론,충북 청주시 청원구 오창읍 연구단지로 40 (양청리) 스타기업관 302호,충북 청원군 강내면 충청대학 BI센터 2관 204호,전자 부품 소재,,전자부품제조
노바테크인더스트리(주),경기 안성시 죽산면 678 두원공대 창업보육센터 8311호,충북 음성군 삼성면 204,LCD 및 AMOLED 부품,법인,
뉴마테크(주),"충북 청주시 청원구 오창읍 중심상업로 14 (양청리, 대운프라자) 403-1호",충북 진천군 진천읍 장관리 554-1번지,반도체부품가공,법인,발광 다이오드 제조업
뉴비젼텍(주),충북 청주시 청원구 오창읍 양청농소길 21-39 (기암리) 뉴비젼텍,충북 청주시 청원구 오창읍 양청농소길 21-39 (기암리),반도체장비 부품,,
다셀주식회사,충북 청주시 서원구 남이면 척산5길 37-9 (척산리) 다셀(주),충북 청원군 남이면 척산리 681-1,"로드셀, 반도체센서,토크센서,인디케이터",,"물질 검사, 측정 및 분석기구 제조업"
다원 엔지니어링,충북 청주시 흥덕구 서촌동 205-1 다원 엔지니어링,,"반도체부품, 자동제어시스템",,
단일시스켐(주)음성지점,서울 강남구 논현로158길 8 (신사동) 단일시스켐(주),충북 음성군 음성읍 한불로69번길 12-7 (평곡리) 단일시스켐(주)음성지점,의료용가스,,완제 의약품 제조업
대덕테크놀로지 주식회사,충북 청주시 흥덕구 향정동 1번지(매그나칩반도체 R동2층),충북 청원군 오창읍 양청리 685-3 미래융합기술관 218,"반도체 설계, 32bit MCU",법인,
대영정공(주),충북 청원군 오창읍 화산여천길63-31 (여천리) 대영정공(주),충북 청주시 청원구 오창읍 화산여천길 63-31 (여천리) 대영정공(주),고압누전차단기 외,,그외 기타 전자부품 제조업
대진산업(주),충북 청주시 흥덕구 강내면 황탄리길 169 (황탄리) 대진산업(주),충북 청주시 흥덕구 강내면 황탄리길 169 (황탄리),도장및피막처리업,,도장 및 기타 피막 처리업
대청자동화,충북 청주시 상당구 2순환로410번길 37 101동 108호 (사천동ok산업용재유통상가),충청북도 청주시 청원구 오창읍 연구단지로 76 (양청리 685-3) 연구단지로 76 충북테크노파크 IT(D)관 203호,전기.전자(자동제어장치 및 시스템),,"전기회로 개폐, 보호 및 접속 장치 제조업"
대한정밀,충북 청주시 흥덕구 남석로 535-46 (석곡동) 석곡동,,"자동화기계, 기계부품",,그 외 기타 특수 목적용 기계 제조업
더비젼,충북 청주시 흥덕구 직지대로 530 (송정동) 서관 705호,,"반도체 장비용 조명, 전자부품 외",개인,기타 전자부품 제조업
동경정밀,충북 청주시 흥덕구 지동로 7 (지동동) 동경정밀,충북 청주시 흥덕구 지동로 7 (지동동) 동경정밀,"반도체 부품, 정밀 부품",,
동양정밀,경남 진주시 큰들로161번길 19 (상평동) 동양정밀 본사,"충북 옥천군 군서면 동평3길 43 (동평리, 공장) 동양정밀 옥천공장",농기계*중장비 금형/지그 제작 및 판금 제품,,그 외 기타 특수목적용 기계 제조업
디아이에스,"충북 청주시 흥덕구 덕암로79-1, 1층 점포 (봉명동)",,반도체장비 부품 外,,
디에스이디아이 주식회사,충북 청주시 청원구 북이면 용계내추로 234 (장양리) 디에스이디아이(주),충북 청주시 청원구 북이면 용계내추로 234 (장양리) 디에스이디아이(주),전기차단기,,"전기회로 개폐, 보호 장치 제조업"
디엠비피,"충북 청주시 청원구 오창읍 농소길 33-22 (농소리 51-5,디엠비피) 디엠비피","충청북도 청주시 청원구 오창읍 농소길 33-22 (농소리 51-5,디엠비피) 디엠비피",PCB장비,,반도체 제조용 기계 제조업
라이프산업(주),"충북 진천군 덕산읍 덕금로 641 (합목리, 라이프산업주식회사) 라이프산업주식회사)","충북 진천군 덕산읍 덕금로 641 (합목리, 라이프산업주식회사) 라이프산업주식회사)",전자부품,,그 외 기타 전자부품 제조업
로보에이아이,충북 청주시 청원구 오창읍 각리1길 7 (각리) 404호(충북과학기술혁신원),,AI Agents / Smart Mirror / Smart Factory Document Automation,,"컴퓨터 시스템 통합 자문, 구축 서비스업"
리스광시스템(주),"충북 청주시 흥덕구 공단로 134, 1112호 1112호","충북 청주시 흥덕구 공단로 134 (송정동, 세중테크노밸리) 1112호",반도체LCD검사용광학계 제조,법인,기타 광학 기기 제조업
린텍(Lintech),충북 청주시 청원구 오창읍 신평중신1길 76 (중신리) 1층,,반도체 장비 및 부품,,반도체 제조용 기계 제조업
마그넥스(주),충북 청주시 흥덕구 휴암동 183-5,충북 청주시 흥덕구 휴암동 183-5,MAGNETIC SEAL,,반도체 제조용 기계 제조업
마임테크,충북 청주시 흥덕구 송정동 47 폴리텍IV대학 창업보육센타 113,충북 청주시 흥덕구 송정동 47 폴리텍IV대학 창업보육센타 113,"광학.반도체부품,제품설계및디자인",,
맥스타엔지니어링,"충북 청주시 서원구 무심서로 377-3 (모충동, 서원대학교) 비전관 207호",,"믹서기, 초고압케이블용 기계 외",,그 외 기타 특수목적용 기계 제조업
메디플러스,충북 청주시 청원구 오창읍 각리1길 7 (각리) 506호,충북 청주시 청원구 오창읍 각리1길 7 (각리) 506호,의료기기,,그외 기타 의료용 기기 제조업
명성기업(주),충북 청주시 서원구 남이면 부용외천리 931-2 명성기업,충북 청주시 서원구 현도면 시동리 431-1,자동차부품 및 기타 특수목적용 기계,,그 외 기타 특수목적용 기계 제조업
명진산업,충북 청주시 흥덕구 성화동 260번지,충북 청주시 흥덕구 성화동 260번지,"LED 교통신호등,LED가로등,LED현광등 외",,그 외 기타 전자부품 제조업
모던에이아이비전솔루션 주식회사,"충북 청주시 서원구 무심서로 377-3 (모충동, 서원대학교) 1층 105호","충북 청주시 서원구 무심서로 377-3 (모충동, 서원대학교) 1층 105호",인공지능 비전검사 장비,,"물질 검사, 측정 및 분석기구 제조업"
모리스앤코 주식회사,충북 음성군 감곡면 행군이길 171-47 (오향리) 모리스앤코,충북 음성군 감곡면 행군이길 171-47 (오향리) 모리스앤코,친환경제품,,그 외 기타 특수 목적용 기계 제조업
바이오뱅크(주),"충북 옥천군 옥천읍 대학길 15, 작업장3-2호 충북도립대학 창업보육센터 3-2호",충청북도 옥천군 대학길 15 충북도립대학 창업보육센터 3-2호,"의료용 기기 제조,생명공학시약,실험용시약,과학기자재,무역/학술연구용역",법인,그외 기타 의료용 기기 제조업
바이오시스템이엔지(주),충북 청주시 흥덕구 강촌로194번길 57-35 (지동동) 바이오시스템이엔지,충북 청주시 흥덕구 강촌로194번길 57-35 (지동동) 바이오시스템이엔지,제약장비,,그외 기타 의료용 기기 제조업
바이오헬스닥터,"충북 청주시 흥덕구 직지대로 442 (송정동) 103, 104호","충북 청주시 흥덕구 직지대로 442 (송정동) 103, 104호","맥반석 돔 사우나기,기능성침대",,그 외 기타 의료용 기기 제조업
베이스,"충북 청주시 흥덕구 월명로55번길 31 (송정동, 한국합섬주식회사제2공장) 베이스","충북 청주시 흥덕구 월명로55번길 31 (송정동, 한국합섬주식회사제2공장) 베이스",반도체 부품,,광학렌즈 및 광학요소 제조업
본텍,충북 청주시 흥덕구 오송읍 오송생명10로 192 본텍,충북 청주시 흥덕구 오송읍 오송생명10로 192 (정중리) 본텍,"자동측정제어장비, 2차전지 자동화 제어장비",법인,산업 처리공정 제어장비 제조업
부강이엔에스(주),충북 청주시 흥덕구 서부로1168번길 23-4 (석곡동) 부강이엔에스(주),충청북도 청주시 흥덕구 서부로1124번길 102-15 (석곡동 262-1) 부강이엔에스(주),태양광발전장치류,법인,전동기 및 발전기 제조업
브이오에스,충북 청주시 흥덕구 개신동 충북대학교 학연산 공동기술연구원 405호,,Machine Vision Module,,
브이텍,"충북 청주시 흥덕구 월명로55번길31, 한국합섬내 (송정동)",,반도체장비부품,,
비에스이,충북 청원군 강내면 충청대학 창업보육센타 OK-PLAZA 3관117호,충북 청원군 강내면 충청대학 창업보육센타 OK-PLAZA 3관117호,반도체 부붐,,
비티비(BTB),"충북 청주시 흥덕구 직지대로 530 (송정동, 청주 테크노 S타워) 3층 304호","충북 청주시 흥덕구 직지대로 530 (송정동, 청주 테크노 S타워) 3층 304호",반도체 부품,,공기 조화장치 제조업
비피엔텍,충북 청주시 흥덕구 직지대로 530 (송정동) 504호 24,"충청북도 청주시 흥덕구 덕암로35번길 24 (봉명동 2463-3,대산오피스텔) 24",피씨피보드 반도체장비부품,,반도체 제조용 기계 제조업
산전정밀(주),"충북 청주시 청원구 북이면 신대석성로 37 (신대리, 산전정밀) 260-1","충북 청주시 청원구 북이면 신대석성로 37 (신대리, 산전정밀) 260-1",산업용 고압기기,법인,"전기회로 개폐, 보호 및 접속 장치 제조업"
산전테크,충북 청주시 청원구 북이면 용계내추로 463-54 (추학리) 산전테크,충북 청주시 청원구 북이면 용계내추로 463-54 (추학리) 산전테크,"고압차단장치, 판금가공물",,그 외 기타 전자 부품 제조업
삼미스피커(주),충북 음성군 원남면 백마령길 51 (문암리) 삼미스피커(주),충북 음성군 원남면 백마령길 51 (문암리) 삼미스피커(주),전자제품및스피커,,기타 음향기기 제조업
삼부기술(주),"경기 안양시 동안구 학의로 268 (관양동, 메가밸리) 604호",충북 음성군 맹동면 태정로 111 (두성리) 215호,측량 성과품,,응용 소프트웨어 개발 및 공급업
삼신엔지니어링,충북 청주시 흥덕구 산단로88 (송정동),,"전자, 반도체, 자동차 등 기계부품",,
삼우엔지니어링,충북 청주시 청원구 사천로 25 (사천동) 삼우엔지니어링,충북 청주시 청원구 사천로 25 (사천동) 삼우엔지니어링,수문개폐장치,,그 외 기타 특수 목적용 기계 제조업
삼우엔지니어링(주),충북 청주시 흥덕구 덕암로47번길25 (봉명동),,"반도체 부품(COK, 어답터키트), 보드수리 외",,
새한주식회사,충북 충주시 충주호수로 276 (용탄동2143번지),충청북도 충주시 충주호수로 276 (용탄동2143번지),전자개폐기,,"전기회로 개폐, 보호 및 접속 장치 제조업"
서울광학산업(주),충북 음성군 생극면 이진말길10-37 (병암리) 서울광학산업(주),충북 음성군 생극면 이진말길 10-37 (병암리) 서울광학산업(주),"광학렌즈,의료용구외",,광학 렌즈 및 광학 요소 제조업
서울식품공업(주),충북 충주시 충원대로 862 (목행동) 서울식품공업(주),충북 충주시 충원대로 862 (목행동) 서울식품공업(주),"빵, 과자, 떡류",,그외 기타 특수목적용 기계 제조업
선테스트코리아(주),충북 청주시 흥덕구 복대동 3084번지,충북 청주시 흥덕구 복대동 3084번지,반도체 검사장비용 번인보드외,법인,
성문정밀공업,"충북 충주시 주덕읍 중원산업로 121 (당우리, 성문정밀) 성문정밀공업","충북 충주시 주덕읍 중원산업로 121 (당우리, 성문정밀) 성문정밀공업",기계부품,,"탭, 밸브 및 유사장치 제조업"
성산하이텍,충북 증평군 도안면 송정리 146-8,충북 증평군 도안면 송정리 146-8,sus plate외,,그외 기타 전자부품 제조업
성원메디칼(주),충북 청주시 흥덕구 강내면 태성탑연로 199 (황탄리) 성원메디칼(주),충북 청주시 흥덕구 강내면 태성탑연로 199 (황탄리) 성원메디칼(주),"의료기기, 기타의료용 기기제조",법인,그외 기타 의료용 기기 제조업
성창(주),충북 청주시 흥덕구 오송읍 정중3길 11 (정중리) 성창 주식회사,충북 청주시 흥덕구 오송읍 정중3길 11 (정중리) 성창 주식회사,"정보통신장비, 시공, 태양광트랙커,무정전전원장치",법인,기타 무선 통신장비 제조업
세미솔테크,충북 청주시 흥덕구 지동로 38 (지동동) 247-5,충북 청주시 흥덕구 지동동 247-5,"반도체장비, 전구 및 램프 제조업, 일반용 전기 조명장치, 반도체 부품, 반도체 부품가공 및 수리",개인,반도체 제조용 기계 제조업
세미텍(주),충북 진천군 이월면 미잠리 432-6,충북 진천군 이월면 미잠리 432-6,반도체 후가공,,
세연테크,충북 진천군 초평면 거령길 7 (용산리) 세연테크,충북 진천군 초평면 거령길 7 (용산리) 세연테크,반도체 산업 부품,,광학렌즈 및 광학요소 제조업
세화엔테크(주),충북 음성군 감곡면 오궁리 131-2,충북 음성군 감곡면 오궁리 131-2,반도체IC Tray외,,
소닉토피아,충북 청주시 흥덕구 강내면 태성1길 81 (황탄리) 소닉토피아,,"초음파진동자(BLT),초음파세척기,초음파노즐",,그외 기타 전자부품 제조업
스카이다이아몬드(주),충북 청주시 흥덕구 신전로175번길 154-33 51-19,,"반도체부품,레이져가공,다이아몬드부품",법인,톱 및 호환성 공구 제조업
승진금속,"충북 옥천군 군서면 성왕로 830-1 (오동리, 주택) 오동리14-3","충북 옥천군 군서면 성왕로 830-1 (오동리, 주택) 오동리14-3",전기회로 개폐,,"전기회로 개폐, 보호 및 접속 장치 제조업"
시그마ENG,충북 청주시 흥덕구 외북동 159-1번지,,반도체부품제조,,
시그마이엔지(주),충북 청주시 흥덕구 문암로153-23 (원평동),,"반도체,LCD부품개선",,
시아이솔루션,충북 청주시 청원구 오창읍 각리1길 7 충북과학기술혁신원 본관 404호,,"반도체검사장비,인공지능S/W",법인,반도체 제조용 기계 제조업
신성켐오일(주),"충북 진천군 진천읍 송두4길 72-12 (송두리, 신성켐오일(주)) 신성켐오일(주)",,정제유기용제,,표면광택제 및 실내가향제 제조업
신영정밀(주),충북 청주시 흥덕구 강내면 다락태성길 96 (태성리) 신영정밀(주),충북 청주시 흥덕구 강내면 다락태성길 96 (태성리) 신영정밀(주),고장진단 파워미터링,법인,"전기회로 개폐, 보호 장치 제조업"
신화테크,충북 청주시 청원구 사천로152번가길 26-23 (사천동) (사천동),충북 청주시 청원구 사천로152번가길 26-23 (사천동),기계부품 등,,반도체 제조용 기계 제조업
써니전자(주),충북 충주시 목행산단2로 59 457,충북 충주시 목행동 457,"수정진동자,수정발진기,초음파지연선,MCF,축수나사 제조,도매,수출입",법인,그외 기타 전자부품 제조업
써보텍,충북 청주시 흥덕구 송정동 27-14번지 한국합섬1공장(인텍ENG내),,반도체검사장비,,
씨아이에프,충북 청주시 청원구 오창읍 성산길 21,,반도체장비부품,,
씨앤지머트리얼즈주식회사,충북 음성군 금왕읍 사창리 167-1,충북 음성군 금왕읍 사창리 167-1,"가스정제기,산업용고압가스및특수가스,반도체설비및부품",,
씨에스(CS)레이저,충북 청주시 청원구 토성로 162-10 (정상동) CS레이저,충북 청주시 청원구 토성로 162-10 (정상동) CS레이저,반도체 장비 부품 생산,,반도체 제조용 기계 제조업
씨에스비엔지니어링,"충북 청주시 흥덕구 공단로 134 (송정동, 세중테크노밸리) 1213",,반도체제조장비부품(CMP관련 부품),,반도체 제조용 기계 제조업
씨에스피,충북 청주시 흥덕구 오송읍 오송생명14로 8-29 (정중리) 씨에스피,충북 청주시 흥덕구 오송읍 오송생명14로 8-29 (정중리) 6동B호,2차전지 전기 자동제어반,,그 외 기타 전자부품 제조업
씨엠바이오메드 주식회사,"충북 옥천군 옥천읍 대학길 15 (문정리 480-1,충북도립대학) 창업보육센터 구관2층","충청북도 옥천군 옥천읍 대학길 15 (문정리 480-1,충북도립대학) 창업보육센터 구관2층",비강외부목,,그외 기타 의료용 기기 제조업
씨유엔지니어링,충북 진천군 초평면 연암길 123 (은암리) 씨유엔지니어링,,정수기필터 외,,그 외 기타 전자부품 제조업
씨큐아이티,"충북 청주시 청원구 오창읍 중심상업로 32-13 (양청리, 엔젤프리존) 7층, 701-301호",,서버가상화 시스템,,응용 소프트웨어 개발 및 공급업
씨피에이치(주),충북 청원군 각리1길 49 2층,충청북도 청원군 각리1길 49 1층,"반도체PKG, Design, Simulation",,전자집적회로 제조업
씨피엠,"충북 청주시 흥덕구 직지대로 530 (송정동) 506,509,510호",충북 청주시 흥덕구 송정동 한국폴리텍Ⅳ청주대학 47,"반도체 장비, LCD 장비 부품, 전기전자부품",,반도체 제조용 기계 제조업
아신테크,"충북 청주시 서원구 충대로 1 (개신동 12,충북대학교) 학연산 842호",,반도체 및 물류자동화 제어기 및 S/W 개발,,
아이나노텍(주),"충북 청주시 흥덕구 대신로 183 (향정동, 아이나노텍(주)) 9-10","충북 청주시 흥덕구 대신로 183 (향정동, 아이나노텍(주)) 9-10","인쇄회로기판제조,검사장비",법인,연성 및 기타 인쇄회로기판 제조업
아이디어시스템,충북 청주시 청원구 주중로2번길 51-3 (주중동) 아이디어시스템,,"특수목적용기계제조(자동화기기,생산jig제작,반도체jig제작),ㅂ",,그 외 기타 특수목적용 기계 제조업
아이비텍 주식회사,"충북 청주시 흥덕구 산단로 162 (송정동, 아이비텍(주)) (송정동)","충북 청주시 흥덕구 산단로 162 (송정동, 아이비텍(주)) (송정동)",인쇄회로기판전자검사,,인쇄회로기판 제조업
아이엔이티,충북 청주시 청원구 오창읍 중신길 131,,반도체장비부품,,
아이트론,충북 청주시 청원구 사천로152번가길 26-57 (사천동) 아이트론,충북 청주시 청원구 사천로152번가길 26-57 (사천동) 아이트론,반도체장비 부품,,그 외 기타 전자부품 제조업
알에스,충북 청주시 청원구 내수읍 원통숲안1길 34-16 (원통리) 알에스,충북 청주시 청원구 내수읍 원통숲안1길 34-16 (원통리) 알에스,Camera Module검사장비,,"물질 검사, 측정 및 분석 기구 제조업"
알에스테크(주),충북 청주시 흥덕구 동촌로 75 (서촌동) 알에스테크(주),충북 청주시 흥덕구 동촌로 75 (서촌동) 알에스테크(주),"RF Gen, RF Mat, RPS 제조 수리",,반도체 제조용 기계 제조업
어보브반도체(주),충북 청주시 청원구 오창읍 각리1길 93 어보브반도체,충북 청원군 오창읍 양청리 685-3 충북TP 미래융합기술관 204호,"비메모리반도체(마이크로컨트롤라) 제조,도매",법인,
에스아이씨주식회사,충북 충주시 충주산단2로 134 (용탄동),,볼트류,법인,도장 및 기타 피막처리업
에스아이택(주),충북 청원군 남이면 가마리 317-1,충북 청원군 남이면 가마리 317-1,"Assembly Joint, IN-LET Valve",,"탭, 밸브 및 유사장치 제조업"
에스알씨 테크,충북 청주시 청원구 사천로17번길 30 (사천동) 에스알씨 테크,충북 청주시 청원구 사천로17번길 30 (사천동) 에스알씨 테크,반도체제조 장치및부품,,반도체 제조용 기계 제조업
에스알에스,충북 청주시 청원구 오창읍 구룡택지1로 38 (구룡리) 101호,,반도체 원자재,,
에스앤지,충북 청주시 청원구 팔결로145번길 8 (오동동) .,,"MES SOLUTION, 반도체 부품, 장비, 공정개선컨설팅",,
에스엠씨엔지니어링(주),충북 청주시 흥덕구 가경동 1680 디오스프라자2층 204호,충북 청주시 흥덕구 가경동 1680 디오스프라자2층 204호,"반도체, TFT-LCD설비, 반도체소켓",,
에스엠테크놀로지,,,반도체 다이싱 테이프,,
에스엠피주식회사,"충북 청주시 서원구 무심서로 377-3 (모충동, 서원대학교) 서원대산학협력관 창업보육센터 비전관307호","충북 청주시 서원구 무심서로 377-3 (모충동, 서원대학교) 서원대산학협력관 창업보육센터 비전관307호",컴퓨터주변기기 산업용장비외,,반도체 제조용 기계 제조업
에스엠하이테크,충북 청주시 상당구 토성로448-1 (외남동),,반도체장비,,
에스케이하이이엔지(주),경기 이천시 경충대로 2091 SK하이이엔지(주),충북 청주시 흥덕구 향정동 1번지,"반도체 신뢰성시험 및 불량분석, 외",,
에스피텍(주),"충북 청주시 흥덕구 옥산면 과학산업1로 38 (남촌리, 에스피텍) 에스피텍 주식회사","충북 청주시 흥덕구 옥산면 과학산업1로 38 (남촌리, 에스피텍) 에스피텍 주식회사",Secondary Battery,,비메모리용 및 기타 전자집적회로 제조업
에스한텍,충북 청주시 서원구 남이면 구미1길 37-58 (구미리) 1동,,0,,그 외 기타 특수 목적용 기계 제조업
에이스세미콘(주),충북 청주시 흥덕구 대신로215 (향정동),,반도체부품,,
에이스전자기술(주),충북 청원군 오창읍 양청리 686-3,충북 청원군 오창읍 양청리 686-3,전력분야 IC,법인,
에이스정밀,충북 청주시 흥덕구 월명로55번길31 (송정동),,반도체장비 부품,,
에이스하이텍(주),경기 광주시 초월읍 늑현리 39-17,충북 청원군 옥산면 남촌리 1115-1,"금속성부품(임플란트 등), 반도체용 슬러리(slurry), LCD 식각, 증착장비",,
에이스헬스케어(주),충북 옥천군 옥천읍 의료단지길 47 (가풍리) 에이스헬스케어(주),충북 옥천군 옥천읍 의료단지길 47 (가풍리) 에이스헬스케어(주),마취가스용 호흡회로,,그 외 기타 의료용 기기 제조업
에이엔비코리아,"충북 청주시 흥덕구 공단로 134 (송정동, 세중테크노밸리) 1307","충북 청주시 흥덕구 공단로 134 (송정동, 세중테크노밸리) 1307",Pcb spindle 외,,그 외 기타 특수 목적용 기계 제조업
에이엠씨(주),충북 음성군 금왕읍 멍심이길 195 (도청리) 에이엠씨주식회사,,"반도체 공정용 다이싱, 백그라인딩 테이프",,플라스틱 접착처리 제품 제조업
에이엠피 주식회사,충북 청주시 흥덕구 향정동 9-10 가동1층,충북 청주시 흥덕구 향정동 9-10 가동1층,"반도체, 정밀세정",,
에이원스,충북 청주시 흥덕구 화계로153번길10 (화계동) (미래관 301호),,반도체장비,,
에잇레인보우,"충북 청주시 서원구 충대로 1 (개신동, 충북대학교) BI 센터 501호",,AI 기반 사진정리 서비스,,응용 소프트웨어 개발 및 공급업
에코디엠랩,"충북 청주시 흥덕구 옥산면 과학산업4로 151-4 에코디엠랩 1동, 2동","충북 청주시 흥덕구 옥산면 과학산업4로 151-4 (남촌리, 에코디엠랩) 1동, 2동",세라믹 부품,법인,그 외 기타 전자 부품 제조업
에프엔티(주),충북 청원군 오창읍 양청리 685-1 충북TP 선도기업관,충남 천안시 서북구 성환읍 남서울대학교 21세기 개발관 12541호,LED 조명분야 반도체 부품 분야 등,법인,
엔서스 청주,"충북 청주시 흥덕구 공단로 134 (송정동, 세중테크노밸리) 614호, 엔서스 청주",,어플리케이션,,응용 소프트웨어 개발 및 공급업
엔에스티,충북 청주시 서원구 현도면 죽암도원로 42 (죽암리) 엔에스티,충북 청주시 서원구 현도면 죽암도원로 42 (죽암리) 엔에스티,"단열판, 열전지부품, 반도체제조장비",,
엔티아이,"충북 충주시 충원대로 268 (단월동, 건국대학교 글로컬캠퍼스) BI 센터 305호",,전자제품 및 산업처리공정장비외,,그외 기타 전자부품 제조업
엘케이테크놀러지,충북 청원군 강내면월곡리 330 충청대학창업보육센터(OK-Plaza) 3관113호,,반도체 제조용 기계 제조업,,
엠시스,충북 청주시 청원구 충청대로 320 (주성동) 39번지,,반도체 기계 설비,,
엠씨케이(주),충북 청주시 청원구 오창읍 각리1길 46 엠씨케이주식회사,충북 청주시 흥덕구 송정동 66-29,"LCD연마재,반도체부품,정밀화학부품 제조,도소매,수출/비주거용건물 임대",,연마재 제조업
엠케이지 주식회사,"서울 강남구 논현로72길 16 (역삼동, 초원빌딩) 402-1호","충북 청주시 흥덕구 가경로 8-1 (가경동, 태경빌딩) 5층 5185호",AI,,응용 소프트웨어 개발 및 공급업
영일산업,충북 청주시 서원구 현도면 죽암도원로 37 (죽암리) 영일산업,,"동력기반 수송장치, 3차원 측정기 부품 등",,절삭가공 및 유사처리업
영진기계,충북 청주시 청원구 내수읍 학평풍정길 35 (학평리) 영진기계,충북 청주시 청원구 내수읍 학평풍정길 35 (학평리) 영진기계,산업기계,,그 외 기타 특수목적용 기계 제조업
영진전자산업(주),충북 청주시 흥덕구 내거로 14 (서촌동) 영진전자산업(주),충북 청주시 흥덕구 내거로 14 (서촌동) 영진전자산업(주),전자부품 통신기기,,연성 및 기타 인쇄회로기판 제조업
오선테크프론,충북 청주시 청원구 오창읍 백현성재로 210 (성재리) 1층,충북 청주시 청원구 오창읍 백현성재로 210 (성재리) 1층,도막및 기타피막처리,,도장 및 기타 피막처리업
온새미로,충북 청주시 흥덕구 직지대로 530 (송정동) 청주테크노에스타워 1동 505호,,반도체장비제조,,
올맵,충북 청주시 흥덕구 사운로404번길 64 (송절동) 2층,,"마케팅,영상제작,인쇄물제작",,응용 소프트웨어 개발 및 공급업
우노테크,충북 청원군 오창읍 창리 59-3번지,,"산업기계(반도체장비,치공구)",,
우리정도(주),충북 청주시 흥덕구 신봉동 153,충북 청주시 흥덕구 신봉동 153,반도체 표면처리,,
우리조각,충북 청주시 흥덕구 봉명동 2782번지 우리조각,,제품케이스,,반도체 제조용 기계 제조업
우리테크놀러지,충북 청주시 흥덕구 옥산면 남촌길 5 2층,충북 청주시 흥덕구 옥산면 남촌길 5 (남촌리) 2층,반도체부품개발,법인,
우솔정밀,충북 청주시 청원구 주중로 63-2 (주중동) 2동,충북 청주시 청원구 주중로 63-2 (주중동) 2동,반도체 장비부품.2차전지장비부품,,
우수ENG,충북 청주시 흥덕구 월명로 212 103동211호,"충청북도 청주시 청원구 2순환로 364 (사천동 48-1,산업용품상가) 103동211호","반도체 장치, 부품",,반도체 제조업
우암세미테크(주),"충북 청주시 청원구 오창읍 연구단지로 40 (양청리, 충북테크노파크) 기업선도관 202 호","경기 안성시 서운면 송정리 158 (공장등록, 미등록, 공장마련=2020. 05.월,)","반도체부품,",,"물질 검사, 측정 및 분석 기구 제조업"
유니트로닉스,충북 청주시 흥덕구 송정동 279-5 세중테크노밸리 703호,,"반도체 LCD, 장비제조업",,
유림의료기(주),충북 청주시 흥덕구 오송읍 정중3길 43 (정중리) 유림의료기,충북 청주시 흥덕구 오송읍 정중3길 43 (정중리) 유림의료기,흡수성 봉합사,법인,그 외 기타 의료용 기기 제조업
유성산업,충북 청주시 청원구 오창읍 화복로 858-20 (복현리) 1층,충북 청주시 청원구 오창읍 화복로 858-20 (복현리) 1층,"반도체부품,전자부품",,반도체 제조용 기계 제조업
유테크,충북 청주시 청원구 외남로 48-57 (외남동) 유테크,충북 청주시 청원구 외남로 48-57 (외남동) 유테크,기계제작,,그 외 기타 일반 목적용 기계 제조업
이노레스 주식회사,"충북 진천군 덕산읍 신척산단1로 35 (신척리, 이노레스 주식회사) -","충북 진천군 덕산읍 신척산단1로 35 (신척리, 이노레스 주식회사) -",O-Ring,,반도체 제조용 기계 제조업
이지텍,충북 청주시 흥덕구 송정동 27-14,,"반도체부품,전자부품",,
이타칩스(주),충북 청주시 흥덕구 복대동 127-7 대광빌딩 4층,충북 청주시 흥덕구 복대동 127-7 대광빌딩 4층,반도체소자,,
이파로스,충북 청주시 청원구 상당로 314 (내덕동) 302-2,,"소프트웨어개발,하드웨어제조",,응용 소프트웨어 개발 및 공급업
인텍,충북 청주시 청원구 북이면 청암로 477 (영하리) 인텍,충북 청주시 청원구 북이면 청암로 477 (영하리) 인텍,철도차량 검수설비,,그 외 기타 특수목적용 기계 제조업
일신프리시젼 주식회사,"충북 청주시 흥덕구 직지대로456번길 72 (송정동, 비케이엠(주)) 일신프리시젼 주식회사",,"반도체 특수배관, 산업안전용품",,
일하하이텍,"충북 청주시 흥덕구 죽천로79번길7, 201호 (복대동,산업용재유통상가1단지)",,반도체장비용부품,,
정림메디칼(주),충북 진천군 문백면 사양리 320-4 정림메디칼(주),,"일회용 주사침,천자침",,그 외 기타 의료용 기기 제조업
제우스옵틱,충북 청주시 서원구 남이면 척산2길 129 (척산리) 제우스옵틱,충북 청주시 서원구 남이면 척산2길 129 (척산리) 제우스옵틱,"광학렌즈, 프리즘, 광학필터",,광학렌즈 및 광학요소 제조업
제이디테크,충북 청주시 청원구 오창읍 중신길 90-2 (중신리) 제이디테크,충북 청주시 청원구 오창읍 중신길 90-2 (중신리) 제이디테크,"반도체부품, 산업부품",,
제이앤에이시스템(주),충북 음성군 맹동면 태정로 36 (두성리) 제이앤에이시스템(주),충북 음성군 맹동면 태정로 36 (두성리) 제이앤에이시스템(주),반도체 및 디스플레이 세정장비 및 부품 가공,,디스플레이 제조용 기계 제조업
제이에스알마이크로코리아(주),충북 청원군 옥산면 과학산업4로97 (남촌리),,플랫판넬디스플레이어용 반도체 재료 등,,
제이에스텍,충북 청주시 흥덕구 옥산면 옥산산단3로 108 본관동,충북 청주시 흥덕구 옥산면 옥산산단3로 108 (호죽리) 현장동,"클리너,석션롤 등",법인,그 외 기타 특수목적용 기계 제조업
제이에이치엔지니어링,충북 청주시 흥덕구 강내면 태성탑연로 40 (태성리) 1층 (태성리),,크레인부품,,유압기기 제조업
제이엠테크,충북 청주시 흥덕구 공단로 134 (송정동),,반도체장비부품,,
제이와이메인트,충북 청주시 청원구 오창읍 중신길 129-9 (중신리) 제이와이메인트,충북 청주시 청원구 외남로15번길 31 (외남동),"산업용 냉동기 시스템,금속탱크 및 저장용기 제조",,그 외 기타 특수목적용 기계 제조업
제이와이테크,충북 청주시 청원구 오창읍 두릉유리로 1179 (복현리) 제이와이테크,충북 청주시 청원구 오창읍 두릉유리로 1179 (복현리) 제이와이테크,반도체 장비 부품,,반도체 제조용 기계 제조업
제이웍스,충북 청주시 서원구 안뜸로39번길 10 (분평동) 1층,충북 청주시 서원구 안뜸로39번길 10 (분평동) 1층,반도체 등의 생산장비 부품,,
제이테크글로벌,경기 평택시 서탄면 발안로 1118 (수월암리) 101호,충북 청주시 흥덕구 송절로64번길 23 (봉명동) 경기도 평택시 서탄면 발안로 1118 실장기술센터 210호,반도체 패키징,,
주성SMT,"충북 청주시 청원구 충청대로 326 (주성동, 주성SMT) 주성SMT",,태양광실장기판외 3건,,인쇄회로기판 제조업
주성의료기,충북 청주시 청원구 내수읍 묵방2길 59-44 (묵방리) 1층,충북 청주시 청원구 내수읍 묵방2길 59-44 (묵방리),네임밴드외,,
주식회사 거양코아,충북 청주시 청원구 내수읍 풍정3길 133 (풍정리) 주식회사 거양코아,충북 청주시 청원구 내수읍 풍정3길 133 (풍정리) 주식회사 거양코아,변압기 부품,,그 외 기타 전자부품 제조업
주식회사 공영엔지니어링,충북 청주시 청원구 오창읍 원리1길 2-7 (원리) 공영엔지니어링,충북 청주시 청원구 오창읍 원리1길 2-7 (원리) 공영엔지니어링,콤프레셔,,그 외 기타 특수목적용 기계 제조업
주식회사 금령기술,"충북 청주시 청원구 2순환로 364 (사천동, 충북산업용재유통단지) 103동 106호",충북 청주시 청원구 사천로152번가길 1-20 (사천동) (주)금령기술,산업공정의 제어장비 제조업,,산업 처리공정 제어장비 제조업
주식회사 네오블루테크,"충북 진천군 이월면 밤디길 106 (신월리, (주)우진) 본관동","충북 진천군 이월면 밤디길 106 (신월리, (주)우진) 본관동",디스플레이 반도체 배터리 자동화 설비,,
주식회사 넥스포,"충북 청주시 흥덕구 옥산면 과학산업1로 142 (남촌리, (주)POLE) 주식회사 넥스포",,리드탭,,
주식회사 다이버시티랩,충북 청주시 청원구 오창읍 과학산업4로 8-6 (각리) .,,응용소프트웨어개발,,시스템 소프트웨어 개발 및 공급업
주식회사 동진테크,충북 청주시 흥덕구 옥산면 국사오산로 648 (오산리) 동진테크,충북 청주시 흥덕구 옥산면 국사오산로 648 (오산리) 동진테크,반도체 장비 및 부품,,반도체 제조용 기계 제조업
주식회사 디제이,"충북 청주시 청원구 오창읍 신평중신길 39-22 (농소리) (주)디제이( DJ Co.,Ltd.)","충북 청주시 청원구 오창읍 신평중신길 39-22 (농소리) (주)디제이( DJ Co.,Ltd.)",반도체 부품,,
주식회사 리움,충남 천안시 서북구 직산로 136 충남테크노파크 정보융합영상센터 407,충청남도 천안시 서북구 직산로 136 충남테크노파크 정보영상융합센터 407,USB 메모리,,기타 주변기기 제조업
주식회사 링크인사이트,"충북 청주시 청원구 오창읍 양청송대길 10 (양청리, 청주미래누리터(지식산업센터)) 302호",,응용 소프트웨어,,응용 소프트웨어 개발 및 공급업
주식회사 미르프론텍,"충북 청주시 서원구 현도면 우록1길 52 (우록리, 폴리프론텍) 미르프론텍","충북 청주시 서원구 현도면 우록1길 52 (우록리, 폴리프론텍) 미르프론텍",기계코팅/기계설비,,도장 및 기타 피막처리업
주식회사 삼양에이치티,충북 진천군 이월면 월촌1안길 37-3 (신월리) 주식회사 삼양에이치티,충북 진천군 이월면 월촌1안길 37-3 (신월리) 주식회사 삼양에이치티,크레인,법인,그외 기타 자동차 부품 제조업
주식회사 세이가,대전 유성구 테크노2로 206 (용산동) 229호,충북 청주시 흥덕구 사운로187번길 2-1 (운천동) 세이가 빌딩 지하 1층,한방 뷰티 제품,,그 외 기타 의료용 기기 제조업
주식회사 센소메디,"충북 청주시 청원구 오창읍 양청4길 45 (주성리, 충북대학교 오창캠퍼스 융합기술원) 충북대학교 융합기술원 B동, 623호",,스마트 매트,,그 외 기타 의료용 기기 제조업
주식회사 솔릭,"충북 충주시 충원대로 268 (단월동, 건국대학교글로컬캠퍼스) 411호","충북 충주시 충원대로 268 (단월동, 건국대학교글로컬캠퍼스)",소프트웨어개발,,시스템 소프트웨어 개발 및 공급업
주식회사 아단소니아,"충북 청주시 흥덕구 공단로 134 (송정동, 세중테크노밸리) 812호","충북 청주시 흥덕구 공단로 134 (송정동, 세중테크노밸리) 811호","의료 부품, 화장품 원료",,그 외 기타 의료용 기기 제조업
주식회사 아미,충북 청원군 내수읍 도원리 70-2번지,충북 청원군 내수읍 도원리 70-2,전자부품외,,그외 기타 전자부품 제조업
주식회사 알에프엔진,"충북 청주시 흥덕구 직지대로 530 (송정동, 청주 테크노 S타워) 1동 618호","충북 청주시 흥덕구 직지대로 530 (송정동, 청주 테크노 S타워) 1동 618호","RFID리더기, 방폭형가스검지기",,기타 무선 통신장비 제조업
주식회사 앤비티에스,충북 청주시 청원구 오창읍 연구단지로 163 (송대리) 163,,이차전지 및 이차전지제조설비,,축전지 제조업
주식회사 앨트론,충북 청주시 흥덕구 월명로75번길 27 (송정동) 3층,"충북 청주시 흥덕구 월명로75번길 27 (송정동, (주)한국합성) 3층","전기-전사, 전자빔 장치,반도체관련, 의료관련, 소재",,반도체 제조용 장치 제조업
주식회사 에스에이치이,충북 청주시 흥덕구 고락로19번길 25 (지동동) 529-7,충북 청주시 흥덕구 고락로19번길 25 (지동동) 529-7,"IoT 카메라, 반도체 제조용 기계 부품",,반도체 제조용 기계 제조업
주식회사 에스와이솔루션,충북 옥천군 옥천읍 응천1길 9 (마암리) 201호,충북 옥천군 옥천읍 응천1길 9 (마암리) 201호,의료기기,,그 외 기타 의료용 기기 제조업
주식회사 에이엔비트,"충북 청주시 청원구 내수읍 덕암길 10 (덕암리, 충북보건과학대학교) 204호(창업2관)","세종특별자치시 조치원읍 섭골길 59 (신안리, e-편한세상 세종) 105동 1601호",재난시스템장비,,산업 처리공정 제어장비 제조업
주식회사 에이엘티,충북 청주시 흥덕구 옥산면 과학산업1로 82-19 (남촌리) (오창과학산업단지),충북 청주시 흥덕구 옥산면 과학산업1로 82-19 (남촌리) (오창과학산업단지),반도체 IC Test 개발 및 양산,,비메모리용 및 기타 전자집적회로 제조업
주식회사 에이치앤디,"충북 청주시 서원구 충대로 1 (개신동, 충북대학교) 농업전문창업보육센터 201호",충청북도 청주시 서원구 내수동로 52-1 (개신동 131) 충북대학교 농업전문창업보육센터 201호,IOT카메라 모듈 및 3D장비,,그외 기타 전자부품 제조업
주식회사 에이팩트,경기 안성시 일죽면 서동대로 7280-26 (월정리) 에이팩트,"충북 진천군 이월면 이덕로 260 (미잠리, 세미텍(주)) 에이팩트 진천캠퍼스","반도체 패키징, 반도체 테스트",,
주식회사 에프램,충북 청주시 흥덕구 가로수로1240번길 18 (가경동) 학연산공동기술연구원 441호,,"반도체부품,전지전자통신제품",법인,KSIC26120
주식회사 엔엘텍,"충북 청원군 오창읍 양청리 685-1 충북테크노파크 스타기업관 206,207호",충북 청원군 오창읍 각리 643-2 오창과학산업단지 102-18블럭,"LED 라이트,자전거 라이트, 2차전지 배터리",법인,"전기회로 개폐, 보호 및 접속 장치 제조업"
주식회사 엔이에스,"충북 청주시 청원구 상당로 314 (내덕동, 청주첨단문화산업단지) 369",,스마트팩토리솔루션,,응용 소프트웨어 개발 및 공급업
주식회사 엔터정보기술,"충북 청주시 청원구 오창읍 중심상업로 32-13 (양청리, 엔젤프리존) 604~605호","충북 청주시 청원구 오창읍 중심상업로 32-13 (양청리, 엔젤프리존) 604~605호",컴퓨터시스템통합 자문 및 구축,,시스템 소프트웨어 개발 및 공급업
주식회사 옵티바이오,충북 청주시 청원구 오창읍 연구단지로 76 충북테크노파크 본부관 409호 본부관 401호,,의료기기,법인,그 외 기타 의료용 기기 제조업
주식회사 원더텍,"충북 청주시 청원구 내수읍 덕암길 10 (덕암리, 충북보건과학대학교) 창업2관 생산형동 101호","충북 청주시 청원구 내수읍 덕암길 10 (덕암리, 충북보건과학대학교) 창업2관 생산형동 101호",음식물처리기기,,그 외 기타 특수 목적용 기계 제조업
주식회사 원익홀딩스,"경기 평택시 진위면 마산12로 21 (마산리, 원익홀딩스 진위사업장) 원익홀딩스","충북 청주시 청원구 오창읍 양청3길 30 (양청리) 3층 원익머트리얼즈 MRD2, 원익홀딩스 청주사업장",반도체 장비,,반도체 제조용 기계 제조업
주식회사 위더스,충북 충주시 대소원면 메가폴리스3로 31 (영평리) 주식회사 위더스,충북 충주시 대소원면 메가폴리스3로 31 (영평리) 주식회사 위더스,PCB ASS\'Y,,그 외 기타 전자부품 제조업
주식회사 유스바이오글로벌,"충북 청주시 흥덕구 오송읍 오송생명1로 194-25 (연제리, 청주 SB플라자) 3층 A-06호","경기 화성시 동탄기흥로 614 (영천동) B229,B228, 235,236","세포배양액, 창상피복재,세포치료제",,그 외 기타 의료용 기기 제조업
주식회사 이에프아이,"충북 청주시 청원구 오창읍 양청송대길 10 (양청리, 청주미래누리터(지식산업센터)) 206호","충북 청주시 청원구 오창읍 양청송대길 10 (양청리, 청주미래누리터(지식산업센터)) 206호",수처리 공정용 수질계측기,,산업처리공정 제어장비 제조업
주식회사 이지터치,충북 청주시 서원구 궁뜰로33번길 51 (미평동) 101호(미평동),,LASER HEAD REPIR,법인,"물질 검사, 측정 및 분석 기구 제조업"
주식회사 인피테크,"충북 청주시 흥덕구 가로수로 1366 (복대동, 진용빌딩) 진용빌딩","충북 청주시 흥덕구 가로수로 1366 (복대동, 진용빌딩) 진용빌딩 1층",UV LED 광응용 제품,법인,반도체 제조용 기계 제조업
주식회사 제이케이아이씨티,충북 괴산군 농공단지길 11 주식회사제이케이아이씨티,충청북도 괴산군 농공단지길 11 주식회사제이케이아이씨티,"가로등주, LED등기구, 태양광가로등",,금속 조립구조재 제조업
주식회사 제이테피언스,충북 청주시 서원구 개신동 12 772호 학연산공동기술연구원,,"휴대폰 반도체 제조설비, IOT,ICT 소프트웨어 개발",법인,
주식회사 지앤티,충북 청주시 청원구 팔결로 97-5 (오동동) 사무동,,반도체 장비 부품,,반도체 제조용 기계 제조업
주식회사 지이씨테크,충북 청주시 청원구 토성로 444 (외남동) 1층,,전기변환제어장치,법인,"전기회로 개폐, 보호 및 접속 장치 제조업"
주식회사 지큐엘,"충북 청주시 흥덕구 옥산면 과학산업1로 128 (남촌리, (주)디에스테크노) 옥산면","충북 청주시 흥덕구 옥산면 과학산업1로 128 (남촌리, (주)디에스테크노) 옥산면",반도체전자부품,,기타 반도체소자 제조업
주식회사 청암테크,충북 청주시 청원구 사천로152번길 32 (사천동) 주)청암테크,,반도체부품,,기타 반도체 소자 제조업
주식회사 충청,"충북 청주시 흥덕구 가로수로 1251 (복대동, 충북지방중소기업청) 302-2호","충북 청주시 흥덕구 가로수로 1251 (복대동, 충북지방중소기업청) 302-2호",차선분리대,법인,그 외 기타 플라스틱 제품 제조업
주식회사 커스킹,충북 청주시 흥덕구 비하동 796 현대오피스텔 703호,,반도체장비 및 부품 관련,,
주식회사 컴앤씨,충북 진천군 백곡면 구수리 산 26,경기 안양시 만안구 안양7동 204-13,비휘발성 메모리,법인,
주식회사 케이티엘,충북 청주시 청원구 오창읍 후기리 152-7,충청북도 청주시 청원구 오창읍 후기리 152-7,"반도체장비,진공펌프,칠러",,
주식회사 케이팩,충북 제천시 한방엑스포로 143 (왕암동) (주)케이팩,충북 제천시 한방엑스포로 143 (왕암동) (주)케이팩,플라스틱필름,,플라스틱 필름 제조업
주식회사 코드테크,충북 청주시 청원구 오창읍 각리1길 97 (각리) 충북과학기술혁신원 2관 406호,,소프트웨어제작,,응용 소프트웨어 개발 및 공급업
주식회사 코리아텍,"충북 청주시 흥덕구 가로수로1154번길 33-8 (강서동, (주)수인) 1층 코리아텍",충북 청주시 흥덕구 강서동 87-1 1층,"초음파,레이저 관련기기 제조, 전기자동차충전기개발",,그 외 의료기기 제조업
주식회사 코쿤,충북 청주시 흥덕구 오송읍 의료단지길 116 (연제리) (주)코쿤,,NAOS,,시스템 소프트웨어 개발 및 공급업
주식회사 팩코리아,충북 음성군 대소면 산내로 129 (내산리) (주)팩코리아,충북 음성군 대소면 산내로 129 (내산리) (주)팩코리아,자동카톤포장기,,그 외 기타 특수목적용 기계 제조업
주식회사 플렉스로직,"충북 청주시 흥덕구 공단로 134 (송정동, 세중테크노밸리) 1404호","충북 청주시 흥덕구 공단로 134 (송정동, 세중테크노밸리) 1403호","시험계측기장비,산업용계측기,비전검사장비,자동화장비",,"물질 검사, 측정 및 분석기구 제조업"
주식회사 피엔케이,충북 청주시 흥덕구 옥산면 옥산산단1로 21 (호죽리) 피엔케이,,전자부품,법인,메모리용 전자집적회로 제조업
주식회사 하랑,충북 청주시 흥덕구 옥산면 국사길 61-1 (국사리) b동,충북 청주시 흥덕구 옥산면 국사길 61-1 (국사리) b동,이차전지 배터리 생산 설비제작,,그 외 기타 특수목적용 기계 제조업
주식회사 한다랩,"대전 유성구 대학로179번길 7-12 (궁동) 대전스타트업파크 D3, 201호","충북 청주시 흥덕구 직지대로436번길 76 (송정동, 직지스마트타워) 1011호",전기차 자동충전용 자율주행 로봇,,산업용 로봇 시스템 제조업
주식회사 한빛테크놀로지,충북 청주시 청원구 오창읍 괴정2길 67 (주)한빛테크놀로지,충북 청주시 청원구 오창읍 괴정2길 67 (괴정리) (주)한빛테크놀로지,반도체장비 제조 부품가공,법인,반도체 제조용 기계 제조업
주식회사 혁진,충북 청주시 서원구 내수동로108번길 40 (사창동) 3층 17-3,,이명치료기기,,그 외 기타 전자부품 제조업
주식회사 현이엔씨,충북 청원군 강내면 충청대학 창업보육센터3관 106호,,반도체부품,,
주식회사다온아이티,충북 청주시 서원구 대림로 334-49 (죽림동) 1층,상동,컴퓨터시스템통합자문구축,,시스템 소프트웨어 개발 및 공급업
주식회사대성환경ENG,"충북 진천군 덕산면 신척산단4로 73 (신척리 663-3,(주)대성환경 ENG) 신척산단4로 73 1층",충청북도 진천군 덕산면 신척리 신척산단4로 73 1층,습식스크라바와 가압부상조를 이용한 탈취정화장치,법인,설치용 금속탱크 및 저장용기 제조업
주식회사케이씨이티,충북 청주시 상당구 교서로 8-4 (영동) 2층 2층,,스마트센서 전기전자부품,법인,그외 전기전자부품제조
주식회사케이에스엠,충북 청주시 흥덕구 고락로40번길 43 (지동동),충북 청원군 옥산면 호죽리 625-3,"반도체장비,반도체부품,무역",,반도체 제조용 기계 제조업
주식회사티디에스,"대전 유성구 대학로 291 (구성동, 한국과학기술원) 9층 (나노종합기술원)","충북 청주시 서원구 충대로 1 (개신동, 충북대학교) E9-573",시스템반도체 (전력반도체),,
주한테크,충북 청주시 상당구 오동동 63-10번지,,"적치대, 반도체설비부품",,
주현테크,충북 청주시 흥덕구 옥산면 국사길 67-2 (국사리) (국사리 118),충북 청주시 흥덕구 옥산면 국사길 67-2 (국사리) (국사리 118),반도체 Tape,,
지 텍,충북 충주시 대소원면 대학로 50 205동 6호 (창업보육센터) 205동 6호(창업보육센터),,전기전자 부품 외,,반도체 제조용 기계 제조업
지앤티,충북 청주시 청원구 팔결로 97-5 (오동동) 지앤티,충북 청주시 청원구 팔결로 97-5 (오동동) 지앤티,장비 부품 가공 및 제작,개인,반도체 제조용 기계 제조업
지엘텍(GL-Tech),충남 천안시 서북구 직산로 136 612(천안밸리),충청남도 천안시 서북구 직산로 136 612(천안밸리),반도체 측정.검사 장비,,
지엠테크,"충북 청주시 청원구 안덕벌로104번길 28 (내덕동), 청주대학교 미래창조관 312호 미래창조관 312호",,"금속표면처리기계,초음파검사장비,집진기",개인,그 외 기타 특수 목적용 기계 제조업
지이케이테크,충북 청주시 서원구 가장로383번길 29-11 (장암동) 지이케이테크,충북 청주시 서원구 가장로383번길 29-11 (장암동) 지이케이테크,산업처리공정 제어장비,,산업 처리공정 제어장비 제조업
진성테크,충북 청주시 청원구 외남로15번길 85 (외남동) 외남동,충북 청주시 청원구 외남로15번길 85 (외남동) 외남동,롤 및 필름제조 자동화기계,,그 외 기타 특수목적용 기계 제조업
창명제어기술(주),충북 청주시 청원구 북이면 대율내추길 325 (내추리 234-1) 234-1,충북 청원군 북이면 내추리 234-1,정형용운동장치,법인,컴퓨터 모니터 제조업
첨단제어시스템(주),"충북 청주시 흥덕구 공단로 134 (송정동, 세중테크노밸리) 1014,1015호",충북 괴산군 괴산읍 괴강로공단길 29 (동부리) 1층,자동제어,,기타 무선 통신장비 제조업
청신,"충북 청주시 흥덕구 공단로 134 (송정동, 세중테크노밸리) 1013호","충북 청주시 흥덕구 공단로 134 (송정동, 세중테크노밸리) 1013호","아크검출기, 전력제어기, 전력메터",,그외 기타 전자부품 제조업
케이솔루션,충북 청주시 흥덕구 직지대로474번길39 (송정동),,반도체장비부품(진공펌프고무 등),,
케이에스이씨 주식회사,충북 음성군 맹동면 두레로 23 (두성리) 218호,,수소 에너지 위험 안전 관리 솔루션,법인,응용 소프트웨어 개발 및 공급업
코나엠(주),"충북 진천군 이월면 장수로341 (사곡리,코나미디어주식회사) 코나엠 주식회사","충북 진천군 이월면 장수로 341 (사곡리, 코나미디어주식회사) 코나엠 주식회사",전자카드 등,,그외 기타 전자부품 제조업
코리아컨설팅그룹(주),충북 청주시 흥덕구 직지대로743번길 21-2 (운천동) 2층 202호,,소프트웨어 개발 공급업 및 어린이집 ERP플래폼제공,,시스템 소프트웨어 개발 및 공급업
코리아테크,"충북 청주시 흥덕구 월명로75번길 27 (송정동, (주)한국합성) 코리아테크","충북 청주시 흥덕구 월명로75번길 27 (송정동, (주)한국합성) 코리아테크",반도체 검사장비 기계부품,,
코아셈(주),충북 청원군 오창읍 각리 641-1 오창벤처플라자 502호,충북 청원군 오창읍 각리 641-1 오창벤처플라자 502호,반도체패키지등,,
코엔보플러스,충북 청주시 흥덕구 1순환로436번길 59 (신봉동) 코엔보플러스,"충북 청주시 흥덕구 1순환로436번길 59 (신봉동, (주)파워뷰) 코엔보플러스","PCB제조, 검사",개인,경성 인쇄회로기판 제조업
큐브이엔지,충북 청원군 내수읍 은곡2길20 (은곡리),,반도체ESC 등,,
큐비테크(주),"충북 청주시 청원구 내수읍 풍정3길 81 (풍정리 37-23,큐비테크노) 큐비테크(주)","충청북도 청주시 청원구 내수읍 풍정3길 81 (풍정리 37-23,큐비테크노) 큐비테크(주)",Themal OverLoad Relay,법인,"전기회로 개폐, 보호 및 접속 장치 제조업"
탑그라스,충북 청원군 오창읍 괴정리 477-1,충북 청원군 오창읍 괴정리 477-1,반도체재료,,
태성이엔지,충북 청주시 청원구 오창읍 탑리 271-2 태성이엔지,충북 청주시 청원구 오창읍 탑리길 25-51 (탑리) 태성이엔지,반도체부품,,반도체 제조용 기계 제조업
테라셈(주),충북 청원군 과학산업5로 9 테라셈(주),충청북도 청원군 과학산업5로 9 테라셈(주),반도체소자외,,"다이오드, 트랜지스터 및 유사 반도체소자 제조업"
테크원,충북 청주시 흥덕구 풍년로206번길38 (가경동),,반도체장비 부품,,
테크원전자,충북 청원군 오창읍 양청리 685-3,충청북도 청주시 청원구 오창읍 양청리 810-1번지,반도체 인쇄회로기판,,"다이오드, 트랜지스터 및 유사 반도체소자 제조업"
토파츠아이,충북 충주시 대소원면 첨단산업6로 1 (본리) 토파츠아이,충북 충주시 대소원면 첨단산업6로 1 (본리) 토파츠아이,전자부품,,그 외 기타 전자 부품 제조업
트리플테크(주),"충북 청주시 흥덕구 직지대로162-1, (주)경동에너지 내 (지동동)",,"반도체,엘씨디",,
티제이씨,"충북 충주시 충원대로268, 건국대학교 GLOCAL 캠퍼스 창업보육센터 411호 (단월동)",,전자집적회로 등,,
티피에스(주),충북 청원군 강내면 황탄리길140-21 (황탄리),,LCD 및 반도체부품 세정 및 가공,,
파로스 소프트,충북 청주시 서원구 충대로 1 (개신동) 학연산공동기술연구원(E9) 9층 8호실 청주타워 419호,,앱개발,,응용소프트웨어 개발 및 공급업
파워마스터반도체 주식회사,충북 청주시 흥덕구 옥산면 과학산업4로 79-20 (남촌리) 1층,충북 청주시 흥덕구 옥산면 과학산업4로 79-20 (남촌리) 1층,SiC MOSFET,,기타 반도체 소자 제조업
파워택,충북 청주시 흥덕구 송정동 27-1번지 삼립식품청주공장 내,,반도체부품,,
패터니아(주),"충북 증평군 도안면 화성로 12 (화성리, (주)에스지텍) 12, 2층","충북 증평군 도안면 화성로 12 (화성리, (주)에스지텍) 12, 2층",광시야각수술용3D 디스플레이,,그외 기타 의료용 기기 제조업
펀컨텐츠,"충북 청주시 상당구 용담로 7 (문화동, 센트럴칸타빌) 101-306호",,"소프트웨어 개발 및 공급, 시각,멀티 디자인, 온라인광고 대행",,시스템 소프트웨어 개발 및 공급업
포토멕(주),충북 청주시 청원구 오창읍 후기길 50 포토멕(주),충북 청주시 흥덕구 월명로 183 (봉명동) 포토멕(주),"반도체,파워서플라이,콘트롤러,고체연료 및 관련제품 도매업,태양전지장비,부품,소재,상품 종합 도매업,전대업,반도체,태양전지공정,장치엔지니어링",,반도체장비제조업
폴리프론텍,"충북 청주시 서원구 현도면 우록1길 52 (우록리, 폴리프론텍) 폴리프론텍","충북 청주시 서원구 현도면 우록1길 52 (우록리, 폴리프론텍) 폴리프론텍",테프론코팅 제품,,도장 및 기타 피막 처리업
푸름환경화학(주),충북 청주시 청원구 오창읍 여천3길 243 (여천리 46-6) 푸름환경화학(주),충청북도 청주시 청원구 오창읍 여천3길 243 (여천리 46-6) 푸름환경화학(주),수질오염방지시설 전기전자부품외,,그외 기타 특수목적용 기계 제조업
플래시스(주),충북 청주시 흥덕구 분평동 1390 한국통신 충북고객센터 10층,충북 청주시 흥덕구 분평동 1390 한국통신 충북고객센터 10층,반도체부품,,
플러그미디어웍스,"충북 청주시 흥덕구 직지대로436번길 76 (송정동, 직지스마트타워) 1412호",,"홈페이지, 앱, 영상, 홍보물",,응용 소프트웨어 개발 및 공급업
플링커 주식회사,충북 청주시 흥덕구 죽천로146번길 72 (복대동) 1,,인터랙션 미디어 콘탠츠,,응용 소프트웨어 개발 및 공급업
하나테크,충북 청주시 흥덕구 무심서로779번길 9 (신봉동) 하나테크,충북 청주시 흥덕구 신봉동 156-1 하나테크2공장,"자동화기계,설비",,그 외 기타 특수 목적용 기계 제조업
하워드랩 주식회사,"충북 청주시 청원구 오창읍 양청4길 45 (주성리, 충북대학교 오창캠퍼스 융합기술원) B동 624호","충북 청주시 청원구 오창읍 양청4길 45 (주성리, 충북대학교 오창캠퍼스 융합기술원) B동 624호",정보통신관련제품 및 반도체,,기타 무선 통신장비 제조업
하주엔지니어링,충북 청주시 청원구 북이면 내둔리 38 1층,충북 청주시 청원구 북이면 내둔리 38 1층,산업기계제작,,그 외 기타 특수목적용 기계 제조업
한국기계,충북 청주시 흥덕구 강내면 서부로 180-15 (태성리) 한국기계,충북 청주시 흥덕구 강내면 서부로 180-15 (태성리) 한국기계,"흄후드, 실험대, 시약장 외",,산업용 송풍기 및 배기장치 제조업
한국기연(주),충북 청주시 흥덕구 옥산면 옥산산단3로 120 (호죽리) 한국기연주식회사,충북 청주시 흥덕구 옥산면 옥산산단3로 120 (호죽리) 한국기연주식회사,산업기계 제작 및 설치 등,,반도체 제조용 기계 제조업
한국전력정보(주),대전 유성구 대덕대로 593 (도룡동) 대덕테크비즈센터 205호,"충북 진천군 덕산읍 정통로 9 (두촌리, 충북테크노파크태양광기술센터) 203호",태양광발전 등 전력거래 플랫폼,,기타 무선 통신장비 제조업
한길산전,"충북 청주시 청원구 내수읍 덕암길 10, 103호 103",,"전기경보,제어장치,CCTV카메라 제조",개인,"전기회로 개폐, 보호 및 접속 장치 제조업"
한길이에스티,충북 청주시 청원구 오창읍 팔결로 399-11 (가곡리) 한길이에스티,충북 청주시 청원구 오창읍 팔결로 399-11 (가곡리) 한길이에스티,계량/계전기,,그 외 기타 전자 부품 제조업
한농쿱주식회사,"충북 괴산군 괴산읍 문무로 85 (동부리, 중원대학교) 산학협력관 창업보육센터",,통신설비장치 및 플랫폼서비스,,응용 소프트웨어 개발 및 공급업
한솔반도체,충북 청주시 흥덕구 송절로64번길 23(봉명동) -,,반도체 PKG,법인,반도체 제조업
한솔주식회사,충북 충주시 연수동산로4길 14 (연수동 1506) 레오빌딩3층,충청북도 충주시 금가면 사암리 234-1,비굴착천공기계,,그외 기타 특수목적용 기계 제조업
한울테크,충북 청주시 청원구 주중로2번길 51-1 (주중동) 한울테크,충북 청주시 청원구 주중로2번길 51-1 (주중동) 한울테크,산업용기계제작,,그 외 기타 특수목적용 기계 제조업
한울테크,충북 청주시 흥덕구 사운로402-1 (송절동),,"반도체부품(릴,트레이,브라켓 등)",,
한진화성,충북 음성군 삼성면 대성로 504-33 (덕정리) 한진화성,충북 음성군 삼성면 대성로 504-33 (덕정리) 한진화성,프라스틱지관,,산업용 가스 제조업
합자회사 주안에너지,충북 청주시 흥덕구 직지대로 48-4 (지동동) (지동동756-1),충북 청주시 흥덕구 직지대로 48-3 (지동동) (지동동 757),태양광발전장치,법인,전동기 및 발전기 제조업
해성바이오,충북 청주시 흥덕구 월명로75번길 27 (송정동 27-14) 해성바이오,충청북도 청주시 흥덕구 월명로75번길 27 (송정동 27-14) 해성바이오,의료기기,,그외 기타 의료용 기기 제조업
행복소리,충북 청주시 흥덕구 강내면 월곡길 38 308호,,음향기기 반도체기기,,
허브테크(주),충북 청원군 현도면 시목리 403-1번지 허브테크(주),충북 청주시 서원구 현도면 시목1길 4 (시목리) 허브테크(주),기계,,반도체 제조용 기계 제조업
혜인전기(주),충북 청주시 청원구 북이면 현암길 35-2 혜인전기,충청북도 청원군 현암길 35-2 혜인전기,금형제작，전기전자부품,법인,주형 및 금형 제조업
